region,zip
map_0493.gif,83466
map_0493.gif,83467
map_0493.gif,83468
map_0493.gif,83469
map_0494.gif,83501
map_0494.gif,83520
map_0494.gif,83522
map_0494.gif,83523
map_0494.gif,83524
map_0494.gif,83525
map_0494.gif,83526
map_0494.gif,83530
map_0494.gif,83533
map_0494.gif,83535
map_0494.gif,83536
map_0494.gif,83537
map_0494.gif,83539
map_0494.gif,83540
map_0494.gif,83541
map_0494.gif,83542
map_0494.gif,83543
map_0494.gif,83544
map_0494.gif,83545
map_0494.gif,83546
map_0494.gif,83547
map_0494.gif,83548
map_0494.gif,83549
map_0494.gif,83552
map_0494.gif,83553
map_0494.gif,83554
map_0494.gif,83555
map_0497.gif,83601
map_0495.gif,83602
map_0495.gif,83604
map_0497.gif,83605
map_0497.gif,83607
map_0496.gif,83610
map_0495.gif,83611
map_0495.gif,83612
map_0495.gif,83615
map_0497.gif,83616
map_0497.gif,83617
map_0496.gif,83619
map_0495.gif,83622
map_0495.gif,83623
map_0495.gif,83624
map_0497.gif,83626
map_0495.gif,83627
map_0496.gif,83628
map_0495.gif,83629
map_0497.gif,83631
map_0496.gif,83632
map_0495.gif,83633
map_0497.gif,83634
map_0497.gif,83636
map_0495.gif,83637
map_0495.gif,83638
map_0496.gif,83639
map_0497.gif,83641
map_0497.gif,83642
map_0495.gif,83643
map_0497.gif,83644
map_0496.gif,83645
map_0497.gif,83646
map_0495.gif,83647
map_0495.gif,83648
map_0497.gif,83650
map_0497.gif,83651
map_0495.gif,83654
map_0496.gif,83655
map_0497.gif,83656
map_0497.gif,83657
map_0496.gif,83660
map_0496.gif,83661
map_0497.gif,83666
map_0497.gif,83669
map_0497.gif,83670
map_0495.gif,83671
map_0496.gif,83672
map_0496.gif,83676
map_0495.gif,83677
map_0497.gif,83686
map_0497.gif,83687
map_0497.gif,83702
map_0497.gif,83703
map_0497.gif,83704
map_0497.gif,83705
map_0497.gif,83706
map_0497.gif,83709
map_0497.gif,83712
map_0497.gif,83713
map_0497.gif,83714
map_0497.gif,83716
map_0494.gif,83801
map_0498.gif,83802
map_0494.gif,83803
map_0494.gif,83804
map_0494.gif,83805
map_0494.gif,83806
map_0498.gif,83808
map_0494.gif,83809
map_0498.gif,83810
map_0494.gif,83811
map_0498.gif,83812
map_0494.gif,83813
map_0498.gif,83814
map_0498.gif,83815
map_0494.gif,83821
map_0494.gif,83822
map_0494.gif,83823
map_0498.gif,83824
map_0494.gif,83825
map_0494.gif,83826
map_0494.gif,83827
map_0498.gif,83830
map_0494.gif,83832
map_0498.gif,83833
map_0494.gif,83834
map_0498.gif,83835
map_0494.gif,83836
map_0498.gif,83837
map_0498.gif,83839
map_0494.gif,83840
map_0494.gif,83841
map_0498.gif,83842
map_0494.gif,83843
map_0494.gif,83844
map_0494.gif,83845
map_0498.gif,83846
map_0494.gif,83847
map_0494.gif,83848
map_0498.gif,83849
map_0498.gif,83850
map_0498.gif,83851
map_0494.gif,83852
map_0498.gif,83854
map_0494.gif,83855
map_0494.gif,83856
map_0494.gif,83857
map_0498.gif,83858
map_0494.gif,83860
map_0498.gif,83861
map_0494.gif,83864
map_0498.gif,83866
map_0498.gif,83867
map_0498.gif,83868
map_0494.gif,83869
map_0498.gif,83870
map_0494.gif,83871
map_0494.gif,83872
map_0498.gif,83873
map_0498.gif,83874
map_0498.gif,83876
map_0488.gif,84001
map_0488.gif,84002
map_0502.gif,84003
map_0502.gif,84004
map_0502.gif,84005
map_0488.gif,84006
map_0488.gif,84007
map_0488.gif,84010
map_0502.gif,84013
map_0488.gif,84014
map_0488.gif,84015
map_0488.gif,84017
map_0488.gif,84018
map_0488.gif,84020
map_0488.gif,84021
map_0488.gif,84022
map_0488.gif,84023
map_0488.gif,84024
map_0488.gif,84025
map_0488.gif,84026
map_0488.gif,84027
map_0488.gif,84028
map_0488.gif,84029
map_0488.gif,84031
map_0502.gif,84032
map_0488.gif,84033
map_0488.gif,84034
map_0488.gif,84035
map_0488.gif,84036
map_0488.gif,84037
map_0488.gif,84038
map_0488.gif,84039
map_0488.gif,84040
map_0488.gif,84041
map_0502.gif,84042
map_0502.gif,84043
map_0488.gif,84044
map_0502.gif,84045
map_0488.gif,84046
map_0488.gif,84047
map_0502.gif,84049
map_0488.gif,84050
map_0488.gif,84051
map_0488.gif,84052
map_0488.gif,84053
map_0488.gif,84054
map_0488.gif,84055
map_0488.gif,84056
map_0502.gif,84057
map_0502.gif,84058
map_0488.gif,84060
map_0488.gif,84061
map_0502.gif,84062
map_0488.gif,84063
map_0488.gif,84064
map_0488.gif,84065
map_0488.gif,84066
map_0488.gif,84067
map_0488.gif,84069
map_0488.gif,84070
map_0488.gif,84071
map_0488.gif,84072
map_0488.gif,84073
map_0488.gif,84074
map_0488.gif,84075
map_0488.gif,84076
map_0488.gif,84078
map_0502.gif,84080
map_0488.gif,84081
map_0502.gif,84082
map_0488.gif,84083
map_0488.gif,84084
map_0488.gif,84085
map_0488.gif,84086
map_0488.gif,84087
map_0488.gif,84088
map_0488.gif,84092
map_0488.gif,84093
map_0488.gif,84094
map_0488.gif,84095
map_0488.gif,84096
map_0502.gif,84097
map_0488.gif,84098
map_0488.gif,84101
map_0488.gif,84102
map_0488.gif,84103
map_0488.gif,84104
map_0488.gif,84105
map_0488.gif,84106
map_0488.gif,84107
map_0488.gif,84108
map_0488.gif,84109
map_0488.gif,84111
map_0488.gif,84112
map_0488.gif,84113
map_0488.gif,84115
map_0488.gif,84116
map_0488.gif,84117
map_0488.gif,84118
map_0488.gif,84119
map_0488.gif,84120
map_0488.gif,84121
map_0488.gif,84123
map_0488.gif,84124
map_0488.gif,84128
map_0488.gif,84180
map_0488.gif,84301
map_0488.gif,84302
map_0488.gif,84304
map_0488.gif,84305
map_0488.gif,84306
map_0488.gif,84307
map_0488.gif,84308
map_0488.gif,84309
map_0488.gif,84310
map_0488.gif,84311
map_0488.gif,84312
map_0488.gif,84313
map_0488.gif,84314
map_0488.gif,84315
map_0488.gif,84316
map_0488.gif,84317
map_0488.gif,84318
map_0488.gif,84319
map_0488.gif,84320
map_0488.gif,84321
map_0488.gif,84324
map_0488.gif,84325
map_0488.gif,84326
map_0488.gif,84327
map_0488.gif,84328
map_0488.gif,84329
map_0488.gif,84330
map_0488.gif,84331
map_0488.gif,84332
map_0488.gif,84333
map_0488.gif,84334
map_0488.gif,84335
map_0488.gif,84336
map_0488.gif,84337
map_0488.gif,84338
map_0488.gif,84339
map_0488.gif,84340
map_0488.gif,84341
map_0488.gif,84401
map_0488.gif,84403
map_0488.gif,84404
map_0488.gif,84405
map_0488.gif,84414
map_0501.gif,84501
map_0501.gif,84511
map_0501.gif,84512
map_0501.gif,84513
map_0501.gif,84515
map_0501.gif,84516
map_0501.gif,84518
map_0501.gif,84520
map_0501.gif,84521
map_0501.gif,84522
map_0501.gif,84523
map_0501.gif,84525
map_0501.gif,84526
map_0501.gif,84528
map_0501.gif,84529
map_0501.gif,84530
map_0501.gif,84531
map_0501.gif,84532
map_0501.gif,84533
map_0501.gif,84534
map_0501.gif,84535
map_0501.gif,84536
map_0501.gif,84537
map_0501.gif,84539
map_0501.gif,84540
map_0501.gif,84542
map_0502.gif,84601
map_0502.gif,84604
map_0502.gif,84606
map_0488.gif,84620
map_0488.gif,84621
map_0488.gif,84622
map_0488.gif,84623
map_0488.gif,84624
map_0502.gif,84626
map_0488.gif,84627
map_0502.gif,84628
map_0488.gif,84629
map_0488.gif,84630
map_0488.gif,84631
map_0488.gif,84632
map_0502.gif,84633
map_0488.gif,84634
map_0488.gif,84635
map_0488.gif,84636
map_0488.gif,84637
map_0488.gif,84638
map_0488.gif,84639
map_0488.gif,84640
map_0488.gif,84642
map_0488.gif,84643
map_0488.gif,84645
map_0488.gif,84646
map_0488.gif,84647
map_0488.gif,84648
map_0488.gif,84649
map_0502.gif,84651
map_0488.gif,84652
map_0502.gif,84653
map_0488.gif,84654
map_0502.gif,84655
map_0488.gif,84656
map_0488.gif,84657
map_0502.gif,84660
map_0488.gif,84662
map_0502.gif,84663
map_0502.gif,84664
map_0488.gif,84665
map_0488.gif,84667
map_0488.gif,84701
map_0503.gif,84710
map_0488.gif,84711
map_0488.gif,84712
map_0503.gif,84713
map_0503.gif,84714
map_0488.gif,84715
map_0503.gif,84716
map_0503.gif,84718
map_0503.gif,84719
map_0503.gif,84720
map_0503.gif,84721
map_0503.gif,84722
map_0488.gif,84723
map_0488.gif,84724
map_0503.gif,84725
map_0503.gif,84726
map_0488.gif,84728
map_0503.gif,84729
map_0488.gif,84730
map_0503.gif,84731
map_0488.gif,84732
map_0503.gif,84733
map_0501.gif,84734
map_0503.gif,84735
map_0503.gif,84736
map_0503.gif,84737
map_0503.gif,84738
map_0488.gif,84739
map_0488.gif,84740
map_0503.gif,84741
map_0503.gif,84742
map_0488.gif,84743
map_0488.gif,84744
map_0503.gif,84745
map_0503.gif,84746
map_0488.gif,84747
map_0488.gif,84749
map_0488.gif,84750
map_0503.gif,84751
map_0503.gif,84752
map_0503.gif,84753
map_0488.gif,84754
map_0503.gif,84755
map_0503.gif,84756
map_0503.gif,84757
map_0503.gif,84758
map_0503.gif,84759
map_0503.gif,84760
map_0503.gif,84761
map_0503.gif,84762
map_0503.gif,84763
map_0503.gif,84764
map_0503.gif,84765
map_0488.gif,84766
map_0503.gif,84767
map_0503.gif,84770
map_0503.gif,84772
map_0488.gif,84773
map_0503.gif,84774
map_0488.gif,84775
map_0503.gif,84776
map_0503.gif,84779
map_0503.gif,84780
map_0503.gif,84781
map_0503.gif,84782
map_0503.gif,84783
map_0503.gif,84784
map_0503.gif,84790
map_0504.gif,85003
map_0504.gif,85004
map_0504.gif,85006
map_0504.gif,85007
map_0505.gif,85008
map_0504.gif,85009
map_0504.gif,85012
map_0504.gif,85013
map_0504.gif,85014
map_0504.gif,85015
map_0504.gif,85016
map_0504.gif,85017
map_0505.gif,85018
map_0504.gif,85019
map_0504.gif,85020
map_0504.gif,85021
map_0504.gif,85022
map_0504.gif,85023
map_0504.gif,85024
map_0504.gif,85027
map_0504.gif,85028
map_0504.gif,85029
map_0504.gif,85031
map_0504.gif,85032
map_0504.gif,85033
map_0505.gif,85034
map_0504.gif,85035
map_0504.gif,85037
map_0505.gif,85040
map_0504.gif,85041
map_0505.gif,85042
map_0504.gif,85043
map_0505.gif,85044
map_0505.gif,85045
map_0505.gif,85048
map_0505.gif,85050
map_0504.gif,85051
map_0504.gif,85053
map_0505.gif,85054
map_0504.gif,85083
map_0504.gif,85085
map_0504.gif,85086
map_0504.gif,85087
map_0505.gif,85118
map_0505.gif,85119
map_0505.gif,85120
map_0505.gif,85121
map_0505.gif,85122
map_0505.gif,85123
map_0505.gif,85128
map_0505.gif,85131
map_0505.gif,85132
map_0505.gif,85135
map_0505.gif,85137
map_0505.gif,85138
map_0505.gif,85139
map_0505.gif,85140
map_0505.gif,85141
map_0505.gif,85142
map_0505.gif,85143
map_0506.gif,85145
map_0505.gif,85147
map_0505.gif,85172
map_0505.gif,85173
map_0505.gif,85192
map_0505.gif,85193
map_0505.gif,85194
map_0505.gif,85201
map_0505.gif,85202
map_0505.gif,85203
map_0505.gif,85204
map_0505.gif,85205
map_0505.gif,85206
map_0505.gif,85207
map_0505.gif,85208
map_0505.gif,85209
map_0505.gif,85210
map_0505.gif,85212
map_0505.gif,85213
map_0505.gif,85215
map_0505.gif,85224
map_0505.gif,85225
map_0505.gif,85226
map_0505.gif,85233
map_0505.gif,85234
map_0505.gif,85248
map_0505.gif,85249
map_0505.gif,85250
map_0505.gif,85251
map_0505.gif,85253
map_0505.gif,85254
map_0505.gif,85255
map_0505.gif,85256
map_0505.gif,85257
map_0505.gif,85258
map_0505.gif,85259
map_0505.gif,85260
map_0505.gif,85262
map_0505.gif,85263
map_0505.gif,85264
map_0505.gif,85266
map_0505.gif,85268
map_0505.gif,85281
map_0505.gif,85282
map_0505.gif,85283
map_0505.gif,85284
map_0505.gif,85286
map_0505.gif,85295
map_0505.gif,85296
map_0505.gif,85297
map_0505.gif,85298
map_0504.gif,85301
map_0504.gif,85302
map_0504.gif,85303
map_0504.gif,85304
map_0504.gif,85305
map_0504.gif,85306
map_0504.gif,85307
map_0504.gif,85308
map_0504.gif,85309
map_0504.gif,85310
map_0504.gif,85320
map_0504.gif,85321
map_0504.gif,85322
map_0504.gif,85323
map_0504.gif,85324
map_0505.gif,85325
map_0504.gif,85326
map_0505.gif,85328
map_0505.gif,85331
map_0504.gif,85332
map_0505.gif,85333
map_0505.gif,85334
map_0504.gif,85335
map_0505.gif,85336
map_0504.gif,85337
map_0504.gif,85338
map_0504.gif,85339
map_0504.gif,85340
map_0504.gif,85341
map_0504.gif,85342
map_0504.gif,85343
map_0505.gif,85344
map_0504.gif,85345
map_0505.gif,85346
map_0505.gif,85347
map_0505.gif,85348
map_0505.gif,85349
map_0505.gif,85350
map_0504.gif,85351
map_0505.gif,85352
map_0504.gif,85353
map_0504.gif,85354
map_0504.gif,85355
map_0505.gif,85356
map_0505.gif,85357
map_0507.gif,85360
map_0504.gif,85361
map_0504.gif,85362
map_0504.gif,85363
map_0505.gif,85364
map_0505.gif,85365
map_0505.gif,85367
map_0505.gif,85371
map_0504.gif,85373
map_0504.gif,85374
map_0504.gif,85375
map_0505.gif,85377
map_0504.gif,85379
map_0504.gif,85381
map_0504.gif,85382
map_0504.gif,85383
map_0504.gif,85387
map_0504.gif,85388
map_0504.gif,85390
map_0504.gif,85392
map_0504.gif,85395
map_0504.gif,85396
map_0505.gif,85501
map_0505.gif,85530
map_0505.gif,85531
map_0505.gif,85533
map_0505.gif,85534
map_0505.gif,85535
map_0505.gif,85536
map_0505.gif,85539
map_0505.gif,85540
map_0505.gif,85541
map_0505.gif,85542
map_0505.gif,85543
map_0505.gif,85544
map_0505.gif,85545
map_0505.gif,85546
map_0505.gif,85550
map_0505.gif,85551
map_0505.gif,85552
map_0505.gif,85553
map_0505.gif,85554
map_0505.gif,85601
map_0505.gif,85602
map_0505.gif,85603
map_0505.gif,85605
map_0505.gif,85606
map_0505.gif,85607
map_0505.gif,85608
map_0505.gif,85609
map_0505.gif,85610
map_0505.gif,85611
map_0505.gif,85613
map_0506.gif,85614
map_0505.gif,85615
map_0505.gif,85616
map_0505.gif,85617
map_0506.gif,85618
map_0506.gif,85619
map_0505.gif,85620
map_0505.gif,85621
map_0506.gif,85622
map_0506.gif,85623
map_0505.gif,85624
map_0505.gif,85625
map_0505.gif,85626
map_0505.gif,85627
map_0506.gif,85629
map_0505.gif,85630
map_0506.gif,85631
map_0505.gif,85632
map_0506.gif,85633
map_0506.gif,85634
map_0505.gif,85635
map_0505.gif,85637
map_0505.gif,85638
map_0505.gif,85640
map_0506.gif,85641
map_0505.gif,85643
map_0505.gif,85645
map_0505.gif,85646
map_0505.gif,85648
map_0505.gif,85650
map_0506.gif,85653
map_0506.gif,85654
map_0506.gif,85658
map_0506.gif,85701
map_0506.gif,85704
map_0506.gif,85705
map_0506.gif,85706
map_0506.gif,85707
map_0506.gif,85708
map_0506.gif,85710
map_0506.gif,85711
map_0506.gif,85712
map_0506.gif,85713
map_0506.gif,85714
map_0506.gif,85715
map_0506.gif,85716
map_0506.gif,85718
map_0506.gif,85719
map_0506.gif,85723
map_0506.gif,85724
map_0506.gif,85726
map_0506.gif,85730
map_0506.gif,85735
map_0506.gif,85736
map_0506.gif,85737
map_0506.gif,85739
map_0506.gif,85741
map_0506.gif,85742
map_0506.gif,85743
map_0506.gif,85745
map_0506.gif,85746
map_0506.gif,85747
map_0506.gif,85748
map_0506.gif,85749
map_0506.gif,85750
map_0506.gif,85755
map_0506.gif,85756
map_0506.gif,85757
map_0505.gif,85901
map_0505.gif,85911
map_0505.gif,85912
map_0505.gif,85920
map_0505.gif,85922
map_0505.gif,85923
map_0505.gif,85924
map_0505.gif,85925
map_0505.gif,85926
map_0505.gif,85927
map_0505.gif,85928
map_0505.gif,85929
map_0505.gif,85930
map_0505.gif,85931
map_0505.gif,85932
map_0505.gif,85933
map_0505.gif,85934
map_0505.gif,85935
map_0505.gif,85936
map_0505.gif,85937
map_0505.gif,85938
map_0505.gif,85939
map_0505.gif,85940
map_0505.gif,85941
map_0505.gif,85942
map_0505.gif,86001
map_0505.gif,86003
map_0505.gif,86004
map_0505.gif,86011
map_0505.gif,86015
map_0505.gif,86016
map_0505.gif,86017
map_0505.gif,86018
map_0505.gif,86020
map_0503.gif,86021
map_0505.gif,86022
map_0505.gif,86023
map_0505.gif,86024
map_0505.gif,86025
map_0505.gif,86028
map_0505.gif,86029
map_0505.gif,86030
map_0505.gif,86031
map_0505.gif,86032
map_0505.gif,86033
map_0505.gif,86034
map_0505.gif,86035
map_0505.gif,86036
map_0505.gif,86038
map_0505.gif,86039
map_0505.gif,86040
map_0505.gif,86042
map_0505.gif,86043
map_0505.gif,86044
map_0505.gif,86045
map_0505.gif,86046
map_0505.gif,86047
map_0505.gif,86052
map_0505.gif,86053
map_0505.gif,86054
map_0505.gif,86301
map_0505.gif,86303
map_0505.gif,86305
map_0505.gif,86313
map_0505.gif,86314
map_0505.gif,86315
map_0505.gif,86320
map_0505.gif,86321
map_0505.gif,86322
map_0505.gif,86323
map_0505.gif,86324
map_0505.gif,86325
map_0505.gif,86326
map_0505.gif,86327
map_0505.gif,86329
map_0505.gif,86331
map_0505.gif,86332
map_0505.gif,86333
map_0505.gif,86334
map_0505.gif,86335
map_0505.gif,86336
map_0507.gif,86337
map_0505.gif,86338
map_0505.gif,86343
map_0505.gif,86351
map_0507.gif,86401
map_0505.gif,86403
map_0505.gif,86404
map_0505.gif,86406
map_0507.gif,86409
map_0507.gif,86411
map_0507.gif,86413
map_0507.gif,86426
map_0507.gif,86429
map_0507.gif,86431
map_0508.gif,86432
map_0507.gif,86433
map_0507.gif,86434
map_0507.gif,86435
map_0507.gif,86436
map_0507.gif,86437
map_0507.gif,86438
map_0507.gif,86440
map_0507.gif,86441
map_0507.gif,86442
map_0507.gif,86443
map_0507.gif,86444
map_0507.gif,86445
map_0505.gif,86502
map_0505.gif,86503
map_0505.gif,86504
map_0505.gif,86505
map_0505.gif,86506
map_0505.gif,86507
map_0505.gif,86508
map_0505.gif,86510
map_0505.gif,86511
map_0505.gif,86512
map_0505.gif,86514
map_0505.gif,86515
map_0505.gif,86520
map_0505.gif,86535
map_0505.gif,86538
map_0505.gif,86540
map_0505.gif,86544
map_0505.gif,86545
map_0505.gif,86547
map_0505.gif,86556
map_0510.gif,87001
map_0510.gif,87002
map_0510.gif,87004
map_0509.gif,87005
map_0510.gif,87006
map_0509.gif,87007
map_0510.gif,87008
map_0512.gif,87010
map_0510.gif,87011
map_0509.gif,87012
map_0509.gif,87013
map_0509.gif,87014
map_0510.gif,87015
map_0510.gif,87016
map_0509.gif,87017
map_0509.gif,87018
map_0509.gif,87020
map_0509.gif,87021
map_0510.gif,87022
map_0510.gif,87023
map_0509.gif,87024
map_0509.gif,87025
map_0509.gif,87026
map_0509.gif,87027
map_0510.gif,87028
map_0509.gif,87029
map_0510.gif,87031
map_0510.gif,87032
map_0509.gif,87034
map_0510.gif,87035
map_0510.gif,87036
map_0509.gif,87037
map_0509.gif,87038
map_0509.gif,87040
map_0510.gif,87041
map_0510.gif,87042
map_0510.gif,87043
map_0509.gif,87044
map_0509.gif,87045
map_0509.gif,87046
map_0510.gif,87047
map_0510.gif,87048
map_0509.gif,87049
map_0509.gif,87051
map_0510.gif,87052
map_0509.gif,87053
map_0510.gif,87056
map_0510.gif,87059
map_0510.gif,87061
map_0510.gif,87062
map_0510.gif,87063
map_0509.gif,87064
map_0510.gif,87068
map_0510.gif,87070
map_0510.gif,87072
map_0510.gif,87083
map_0510.gif,87102
map_0510.gif,87104
map_0510.gif,87105
map_0510.gif,87106
map_0510.gif,87107
map_0510.gif,87108
map_0510.gif,87109
map_0510.gif,87110
map_0510.gif,87111
map_0510.gif,87112
map_0510.gif,87113
map_0510.gif,87114
map_0510.gif,87116
map_0510.gif,87117
map_0510.gif,87120
map_0510.gif,87121
map_0510.gif,87122
map_0510.gif,87123
map_0510.gif,87124
map_0510.gif,87144
map_0509.gif,87301
map_0509.gif,87305
map_0509.gif,87310
map_0509.gif,87311
map_0509.gif,87312
map_0509.gif,87313
map_0509.gif,87315
map_0509.gif,87316
map_0509.gif,87317
map_0509.gif,87319
map_0509.gif,87320
map_0509.gif,87321
map_0509.gif,87322
map_0509.gif,87323
map_0509.gif,87325
map_0509.gif,87326
map_0509.gif,87327
map_0509.gif,87328
map_0509.gif,87347
map_0509.gif,87357
map_0509.gif,87364
map_0509.gif,87375
map_0509.gif,87401
map_0509.gif,87402
map_0509.gif,87410
map_0509.gif,87412
map_0509.gif,87413
map_0509.gif,87415
map_0509.gif,87416
map_0509.gif,87417
map_0509.gif,87418
map_0509.gif,87419
map_0509.gif,87420
map_0509.gif,87421
map_0509.gif,87455
map_0509.gif,87461
map_0509.gif,87499
map_0512.gif,87501
map_0512.gif,87505
map_0512.gif,87506
map_0512.gif,87507
map_0512.gif,87508
map_0512.gif,87510
map_0512.gif,87511
map_0509.gif,87512
map_0509.gif,87513
map_0509.gif,87514
map_0512.gif,87515
map_0512.gif,87516
map_0509.gif,87517
map_0512.gif,87518
map_0509.gif,87519
map_0512.gif,87520
map_0512.gif,87521
map_0512.gif,87522
map_0512.gif,87523
map_0509.gif,87524
map_0509.gif,87525
map_0512.gif,87527
map_0512.gif,87528
map_0509.gif,87529
map_0509.gif,87530
map_0512.gif,87531
map_0512.gif,87532
map_0512.gif,87533
map_0512.gif,87535
map_0512.gif,87537
map_0512.gif,87538
map_0509.gif,87539
map_0512.gif,87540
map_0512.gif,87543
map_0512.gif,87544
map_0512.gif,87548
map_0509.gif,87549
map_0512.gif,87551
map_0512.gif,87552
map_0512.gif,87553
map_0509.gif,87554
map_0509.gif,87556
map_0509.gif,87557
map_0509.gif,87558
map_0512.gif,87560
map_0512.gif,87562
map_0509.gif,87564
map_0512.gif,87565
map_0512.gif,87566
map_0512.gif,87567
map_0512.gif,87569
map_0509.gif,87571
map_0512.gif,87573
map_0512.gif,87574
map_0512.gif,87575
map_0509.gif,87577
map_0512.gif,87578
map_0512.gif,87579
map_0509.gif,87580
map_0509.gif,87581
map_0512.gif,87582
map_0512.gif,87583
map_0509.gif,87701
map_0509.gif,87710
map_0509.gif,87711
map_0509.gif,87712
map_0509.gif,87713
map_0509.gif,87714
map_0509.gif,87715
map_0509.gif,87718
map_0509.gif,87722
map_0509.gif,87723
map_0509.gif,87724
map_0509.gif,87728
map_0509.gif,87729
map_0509.gif,87730
map_0509.gif,87731
map_0509.gif,87732
map_0509.gif,87733
map_0509.gif,87734
map_0509.gif,87735
map_0509.gif,87736
map_0509.gif,87740
map_0509.gif,87742
map_0509.gif,87743
map_0509.gif,87745
map_0509.gif,87746
map_0509.gif,87747
map_0509.gif,87749
map_0509.gif,87750
map_0509.gif,87752
map_0509.gif,87753
map_0509.gif,87801
map_0514.gif,87820
map_0509.gif,87821
map_0509.gif,87823
map_0514.gif,87824
map_0509.gif,87825
map_0509.gif,87827
map_0509.gif,87828
map_0509.gif,87829
map_0514.gif,87830
map_0509.gif,87831
map_0509.gif,87832
map_0509.gif,87901
map_0509.gif,87930
map_0509.gif,87931
map_0509.gif,87933
map_0509.gif,87935
map_0509.gif,87936
map_0513.gif,87937
map_0509.gif,87939
map_0513.gif,87940
map_0509.gif,87941
map_0509.gif,87942
map_0509.gif,87943
map_0513.gif,88001
map_0513.gif,88002
map_0513.gif,88003
map_0513.gif,88004
map_0513.gif,88005
map_0513.gif,88007
map_0513.gif,88008
map_0514.gif,88009
map_0513.gif,88011
map_0513.gif,88012
map_0514.gif,88020
map_0513.gif,88021
map_0514.gif,88022
map_0514.gif,88023
map_0513.gif,88024
map_0514.gif,88025
map_0514.gif,88026
map_0513.gif,88027
map_0514.gif,88028
map_0514.gif,88029
map_0514.gif,88030
map_0513.gif,88032
map_0513.gif,88033
map_0514.gif,88034
map_0514.gif,88038
map_0514.gif,88039
map_0514.gif,88040
map_0514.gif,88041
map_0509.gif,88042
map_0514.gif,88043
map_0513.gif,88044
map_0514.gif,88045
map_0513.gif,88046
map_0513.gif,88047
map_0513.gif,88048
map_0514.gif,88049
map_0514.gif,88051
map_0513.gif,88052
map_0514.gif,88053
map_0514.gif,88055
map_0514.gif,88056
map_0514.gif,88061
map_0513.gif,88063
map_0514.gif,88065
map_0513.gif,88072
map_0513.gif,88081
map_0509.gif,88101
map_0509.gif,88103
map_0509.gif,88112
map_0509.gif,88113
map_0509.gif,88114
map_0509.gif,88115
map_0509.gif,88116
map_0509.gif,88118
map_0509.gif,88119
map_0509.gif,88120
map_0509.gif,88121
map_0509.gif,88124
map_0509.gif,88125
map_0509.gif,88126
map_0509.gif,88130
map_0509.gif,88132
map_0509.gif,88134
map_0509.gif,88135
map_0509.gif,88136
map_0509.gif,88201
map_0509.gif,88203
map_0515.gif,88210
map_0515.gif,88220
map_0509.gif,88230
map_0516.gif,88231
map_0509.gif,88232
map_0516.gif,88240
map_0516.gif,88242
map_0515.gif,88250
map_0516.gif,88252
map_0515.gif,88253
map_0515.gif,88254
map_0516.gif,88255
map_0515.gif,88256
map_0516.gif,88260
map_0516.gif,88262
map_0515.gif,88263
map_0516.gif,88264
map_0516.gif,88265
map_0516.gif,88267
map_0515.gif,88268
map_0517.gif,88301
map_0517.gif,88310
map_0517.gif,88311
map_0517.gif,88312
map_0517.gif,88314
map_0517.gif,88316
map_0517.gif,88317
map_0510.gif,88318
map_0510.gif,88321
map_0517.gif,88323
map_0517.gif,88324
map_0517.gif,88325
map_0517.gif,88330
map_0517.gif,88336
map_0517.gif,88337
map_0517.gif,88338
map_0517.gif,88339
map_0517.gif,88340
map_0517.gif,88341
map_0513.gif,88342
map_0517.gif,88343
map_0517.gif,88344
map_0517.gif,88345
map_0517.gif,88346
map_0517.gif,88347
map_0517.gif,88348
map_0517.gif,88349
map_0517.gif,88350
map_0517.gif,88351
map_0517.gif,88352
map_0510.gif,88353
map_0517.gif,88354
map_0517.gif,88355
map_0509.gif,88401
map_0509.gif,88410
map_0509.gif,88411
map_0509.gif,88414
map_0509.gif,88415
map_0509.gif,88416
map_0509.gif,88417
map_0509.gif,88418
map_0509.gif,88419
map_0509.gif,88421
map_0509.gif,88422
map_0509.gif,88424
map_0509.gif,88426
map_0509.gif,88427
map_0509.gif,88430
map_0509.gif,88431
map_0509.gif,88434
map_0509.gif,88435
map_0509.gif,88436
map_0508.gif,89001
map_0508.gif,89002
map_0508.gif,89003
map_0508.gif,89004
map_0508.gif,89005
map_0508.gif,89007
map_0508.gif,89008
map_0518.gif,89010
map_0508.gif,89011
map_0508.gif,89012
map_0518.gif,89013
map_0508.gif,89014
map_0508.gif,89015
map_0508.gif,89017
map_0508.gif,89018
map_0508.gif,89019
map_0508.gif,89020
map_0508.gif,89021
map_0518.gif,89022
map_0508.gif,89025
map_0508.gif,89026
map_0508.gif,89027
map_0507.gif,89029
map_0508.gif,89030
map_0508.gif,89031
map_0508.gif,89032
map_0508.gif,89039
map_0508.gif,89040
map_0508.gif,89042
map_0508.gif,89043
map_0508.gif,89044
map_0518.gif,89045
map_0508.gif,89046
map_0518.gif,89047
map_0508.gif,89048
map_0518.gif,89049
map_0508.gif,89052
map_0508.gif,89054
map_0508.gif,89060
map_0508.gif,89061
map_0508.gif,89074
map_0508.gif,89081
map_0508.gif,89084
map_0508.gif,89085
map_0508.gif,89086
map_0508.gif,89101
map_0508.gif,89102
map_0508.gif,89103
map_0508.gif,89104
map_0508.gif,89106
map_0508.gif,89107
map_0508.gif,89108
map_0508.gif,89109
map_0508.gif,89110
map_0508.gif,89113
map_0508.gif,89115
map_0508.gif,89117
map_0508.gif,89118
map_0508.gif,89119
map_0508.gif,89120
map_0508.gif,89121
map_0508.gif,89122
map_0508.gif,89123
map_0508.gif,89124
map_0508.gif,89128
map_0508.gif,89129
map_0508.gif,89130
map_0508.gif,89131
map_0508.gif,89134
map_0508.gif,89135
map_0508.gif,89138
map_0508.gif,89139
map_0508.gif,89141
map_0508.gif,89142
map_0508.gif,89143
map_0508.gif,89144
map_0508.gif,89145
map_0508.gif,89146
map_0508.gif,89147
map_0508.gif,89148
map_0508.gif,89149
map_0508.gif,89156
map_0508.gif,89161
map_0508.gif,89166
map_0508.gif,89169
map_0508.gif,89178
map_0508.gif,89179
map_0508.gif,89183
map_0508.gif,89191
map_0488.gif,89301
map_0615.gif,89310
map_0488.gif,89311
map_0488.gif,89314
map_0488.gif,89316
map_0488.gif,89317
map_0488.gif,89318
map_0488.gif,89319
map_0520.gif,89402
map_0519.gif,89403
map_0614.gif,89404
map_0519.gif,89405
map_0519.gif,89406
map_0519.gif,89408
map_0615.gif,89409
map_0519.gif,89410
map_0519.gif,89411
map_0519.gif,89412
map_0520.gif,89413
map_0519.gif,89414
map_0615.gif,89415
map_0519.gif,89418
map_0519.gif,89419
map_0519.gif,89420
map_0614.gif,89421
map_0615.gif,89422
map_0519.gif,89423
map_0519.gif,89424
map_0614.gif,89425
map_0614.gif,89426
map_0519.gif,89427
map_0519.gif,89428
map_0519.gif,89429
map_0519.gif,89430
map_0519.gif,89431
map_0519.gif,89433
map_0519.gif,89434
map_0519.gif,89436
map_0614.gif,89438
map_0519.gif,89439
map_0519.gif,89440
map_0519.gif,89441
map_0519.gif,89442
map_0519.gif,89444
map_0614.gif,89445
map_0519.gif,89446
map_0519.gif,89447
map_0520.gif,89448
map_0520.gif,89449
map_0520.gif,89450
map_0520.gif,89451
map_0519.gif,89460
map_0519.gif,89501
map_0519.gif,89502
map_0519.gif,89503
map_0519.gif,89506
map_0519.gif,89508
map_0519.gif,89509
map_0519.gif,89510
map_0519.gif,89511
map_0519.gif,89512
map_0519.gif,89519
map_0519.gif,89521
map_0519.gif,89523
map_0519.gif,89701
map_0519.gif,89702
map_0519.gif,89703
map_0519.gif,89704
map_0519.gif,89705
map_0519.gif,89706
map_0488.gif,89801
map_0488.gif,89815
map_0614.gif,89820
map_0488.gif,89821
map_0488.gif,89822
map_0488.gif,89823
map_0491.gif,89825
map_0491.gif,89826
map_0488.gif,89828
map_0488.gif,89830
map_0488.gif,89831
map_0488.gif,89832
map_0488.gif,89833
map_0488.gif,89834
map_0488.gif,89835
map_0488.gif,89883
map_0522.gif,90001
map_0523.gif,90002
map_0523.gif,90003
map_0522.gif,90004
map_0522.gif,90005
map_0522.gif,90006
map_0522.gif,90007
map_0522.gif,90008
map_0522.gif,90010
map_0522.gif,90011
map_0522.gif,90012
map_0522.gif,90013
map_0522.gif,90014
map_0522.gif,90015
map_0522.gif,90016
map_0522.gif,90017
map_0522.gif,90018
map_0522.gif,90019
map_0522.gif,90020
map_0522.gif,90021
map_0522.gif,90022
map_0522.gif,90023
map_0522.gif,90024
map_0522.gif,90025
map_0522.gif,90026
map_0522.gif,90027
map_0522.gif,90028
map_0522.gif,90029
map_0522.gif,90031
map_0522.gif,90032
map_0522.gif,90033
map_0522.gif,90034
map_0522.gif,90035
map_0522.gif,90036
map_0522.gif,90037
map_0522.gif,90038
map_0522.gif,90039
map_0522.gif,90040
map_0522.gif,90041
map_0522.gif,90042
map_0522.gif,90043
map_0523.gif,90044
map_0522.gif,90045
map_0522.gif,90046
map_0523.gif,90047
map_0522.gif,90048
map_0522.gif,90049
map_0522.gif,90056
map_0522.gif,90057
map_0522.gif,90058
map_0523.gif,90059
map_0523.gif,90061
map_0522.gif,90062
map_0522.gif,90063
map_0522.gif,90064
map_0522.gif,90065
map_0522.gif,90066
map_0522.gif,90067
map_0522.gif,90068
map_0522.gif,90069
map_0522.gif,90071
map_0522.gif,90073
map_0522.gif,90077
map_0522.gif,90079
map_0522.gif,90089
map_0522.gif,90090
map_0522.gif,90094
map_0522.gif,90095
map_0522.gif,90201
map_0522.gif,90210
map_0522.gif,90211
map_0522.gif,90212
map_0525.gif,90220
map_0525.gif,90221
map_0525.gif,90222
map_0522.gif,90230
map_0522.gif,90232
map_0525.gif,90240
map_0525.gif,90241
map_0525.gif,90242
map_0523.gif,90245
map_0523.gif,90247
map_0523.gif,90248
map_0523.gif,90249
map_0523.gif,90250
map_0523.gif,90254
map_0522.gif,90255
map_0523.gif,90260
map_0525.gif,90262
map_0523.gif,90263
map_0523.gif,90265
map_0523.gif,90266
map_0522.gif,90270
map_0522.gif,90272
map_0523.gif,90274
map_0523.gif,90275
map_0523.gif,90277
map_0523.gif,90278
map_0525.gif,90280
map_0523.gif,90290
map_0523.gif,90291
map_0523.gif,90292
map_0523.gif,90293
map_0523.gif,90301
map_0523.gif,90302
map_0523.gif,90303
map_0523.gif,90304
map_0523.gif,90305
map_0522.gif,90401
map_0522.gif,90402
map_0522.gif,90403
map_0522.gif,90404
map_0522.gif,90405
map_0523.gif,90501
map_0523.gif,90502
map_0523.gif,90503
map_0523.gif,90504
map_0523.gif,90505
map_0523.gif,90506
map_0525.gif,90601
map_0525.gif,90602
map_0525.gif,90603
map_0525.gif,90604
map_0525.gif,90605
map_0525.gif,90606
map_0525.gif,90620
map_0525.gif,90621
map_0525.gif,90623
map_0525.gif,90630
map_0525.gif,90631
map_0525.gif,90638
map_0525.gif,90640
map_0525.gif,90650
map_0525.gif,90660
map_0525.gif,90670
map_0525.gif,90680
map_0525.gif,90701
map_0525.gif,90703
map_0525.gif,90704
map_0525.gif,90706
map_0523.gif,90710
map_0525.gif,90712
map_0525.gif,90713
map_0525.gif,90715
map_0525.gif,90716
map_0523.gif,90717
map_0525.gif,90720
map_0525.gif,90723
map_0523.gif,90731
map_0523.gif,90732
map_0525.gif,90740
map_0525.gif,90742
map_0525.gif,90743
map_0523.gif,90744
map_0525.gif,90745
map_0525.gif,90746
map_0525.gif,90747
map_0525.gif,90755
map_0525.gif,90802
map_0525.gif,90803
map_0525.gif,90804
map_0525.gif,90805
map_0525.gif,90806
map_0525.gif,90807
map_0525.gif,90808
map_0525.gif,90810
map_0525.gif,90813
map_0525.gif,90814
map_0525.gif,90815
map_0525.gif,90822
map_0525.gif,90831
map_0525.gif,91001
map_0525.gif,91006
map_0525.gif,91007
map_0525.gif,91008
map_0525.gif,91010
map_0523.gif,91011
map_0525.gif,91016
map_0523.gif,91020
map_0525.gif,91024
map_0525.gif,91030
map_0523.gif,91040
map_0523.gif,91042
map_0523.gif,91046
map_0525.gif,91101
map_0525.gif,91103
map_0525.gif,91104
map_0525.gif,91105
map_0525.gif,91106
map_0525.gif,91107
map_0525.gif,91108
map_0522.gif,91201
map_0522.gif,91202
map_0522.gif,91203
map_0522.gif,91204
map_0522.gif,91205
map_0522.gif,91206
map_0522.gif,91207
map_0522.gif,91208
map_0522.gif,91210
map_0523.gif,91214
map_0523.gif,91301
map_0523.gif,91302
map_0523.gif,91303
map_0523.gif,91304
map_0523.gif,91306
map_0523.gif,91307
map_0523.gif,91311
map_0523.gif,91316
map_0523.gif,91320
map_0523.gif,91321
map_0523.gif,91324
map_0523.gif,91325
map_0523.gif,91326
map_0523.gif,91330
map_0523.gif,91331
map_0523.gif,91335
map_0523.gif,91340
map_0523.gif,91342
map_0523.gif,91343
map_0523.gif,91344
map_0523.gif,91345
map_0523.gif,91350
map_0523.gif,91351
map_0523.gif,91352
map_0523.gif,91354
map_0523.gif,91355
map_0523.gif,91356
map_0523.gif,91360
map_0523.gif,91361
map_0523.gif,91362
map_0523.gif,91364
map_0523.gif,91367
map_0523.gif,91371
map_0523.gif,91377
map_0523.gif,91381
map_0523.gif,91384
map_0523.gif,91387
map_0523.gif,91390
map_0523.gif,91401
map_0523.gif,91402
map_0523.gif,91403
map_0523.gif,91405
map_0523.gif,91406
map_0523.gif,91411
map_0523.gif,91423
map_0523.gif,91436
map_0523.gif,91501
map_0523.gif,91502
map_0523.gif,91504
map_0523.gif,91505
map_0523.gif,91506
map_0523.gif,91601
map_0523.gif,91602
map_0523.gif,91604
map_0523.gif,91605
map_0523.gif,91606
map_0523.gif,91607
map_0523.gif,91608
map_0525.gif,91701
map_0525.gif,91702
map_0525.gif,91706
map_0525.gif,91708
map_0525.gif,91709
map_0525.gif,91710
map_0525.gif,91711
map_0525.gif,91722
map_0525.gif,91723
map_0525.gif,91724
map_0525.gif,91730
map_0525.gif,91731
map_0525.gif,91732
map_0525.gif,91733
map_0525.gif,91737
map_0525.gif,91739
map_0525.gif,91740
map_0525.gif,91741
map_0525.gif,91744
map_0525.gif,91745
map_0525.gif,91746
map_0525.gif,91748
map_0525.gif,91750
map_0525.gif,91752
map_0525.gif,91754
map_0525.gif,91755
map_0525.gif,91759
map_0525.gif,91761
map_0525.gif,91762
map_0525.gif,91763
map_0525.gif,91764
map_0525.gif,91765
map_0525.gif,91766
map_0525.gif,91767
map_0525.gif,91768
map_0525.gif,91770
map_0525.gif,91773
map_0525.gif,91775
map_0525.gif,91776
map_0525.gif,91780
map_0525.gif,91784
map_0525.gif,91786
map_0525.gif,91789
map_0525.gif,91790
map_0525.gif,91791
map_0525.gif,91792
map_0525.gif,91801
map_0525.gif,91803
map_0523.gif,91901
map_0523.gif,91902
map_0523.gif,91905
map_0523.gif,91906
map_0523.gif,91910
map_0523.gif,91911
map_0523.gif,91913
map_0523.gif,91914
map_0523.gif,91915
map_0523.gif,91916
map_0523.gif,91917
map_0523.gif,91931
map_0523.gif,91932
map_0523.gif,91934
map_0523.gif,91935
map_0523.gif,91941
map_0523.gif,91942
map_0523.gif,91945
map_0523.gif,91948
map_0523.gif,91950
map_0523.gif,91962
map_0523.gif,91963
map_0523.gif,91977
map_0523.gif,91978
map_0523.gif,91980
map_0523.gif,92003
map_0523.gif,92004
map_0523.gif,92007
map_0523.gif,92008
map_0523.gif,92009
map_0523.gif,92010
map_0523.gif,92011
map_0523.gif,92014
map_0523.gif,92019
map_0523.gif,92020
map_0523.gif,92021
map_0523.gif,92024
map_0523.gif,92025
map_0523.gif,92026
map_0523.gif,92027
map_0523.gif,92028
map_0523.gif,92029
map_0523.gif,92036
map_0523.gif,92037
map_0523.gif,92040
map_0523.gif,92054
map_0523.gif,92055
map_0523.gif,92056
map_0523.gif,92057
map_0523.gif,92058
map_0523.gif,92059
map_0523.gif,92060
map_0523.gif,92061
map_0523.gif,92064
map_0523.gif,92065
map_0523.gif,92066
map_0523.gif,92067
map_0523.gif,92069
map_0523.gif,92070
map_0523.gif,92071
map_0523.gif,92075
map_0523.gif,92078
map_0523.gif,92081
map_0523.gif,92082
map_0523.gif,92083
map_0523.gif,92084
map_0523.gif,92086
map_0523.gif,92091
map_0523.gif,92101
map_0523.gif,92102
map_0523.gif,92103
map_0523.gif,92104
map_0523.gif,92105
map_0523.gif,92106
map_0523.gif,92107
map_0523.gif,92108
map_0523.gif,92109
map_0523.gif,92110
map_0523.gif,92111
map_0523.gif,92113
map_0523.gif,92114
map_0523.gif,92115
map_0523.gif,92116
map_0523.gif,92117
map_0523.gif,92118
map_0523.gif,92119
map_0523.gif,92120
map_0523.gif,92121
map_0523.gif,92122
map_0523.gif,92123
map_0523.gif,92124
map_0523.gif,92126
map_0523.gif,92127
map_0523.gif,92128
map_0523.gif,92129
map_0523.gif,92130
map_0523.gif,92131
map_0523.gif,92132
map_0523.gif,92134
map_0523.gif,92135
map_0523.gif,92139
map_0523.gif,92140
map_0523.gif,92145
map_0523.gif,92147
map_0523.gif,92154
map_0523.gif,92155
map_0523.gif,92173
map_0523.gif,92201
map_0523.gif,92203
map_0523.gif,92210
map_0523.gif,92211
map_0523.gif,92220
map_0523.gif,92222
map_0523.gif,92223
map_0505.gif,92225
map_0523.gif,92227
map_0523.gif,92230
map_0523.gif,92231
map_0523.gif,92233
map_0523.gif,92234
map_0523.gif,92236
map_0505.gif,92239
map_0523.gif,92240
map_0523.gif,92241
map_0505.gif,92242
map_0523.gif,92243
map_0523.gif,92249
map_0523.gif,92250
map_0523.gif,92251
map_0523.gif,92252
map_0523.gif,92253
map_0523.gif,92254
map_0523.gif,92256
map_0523.gif,92257
map_0523.gif,92258
map_0523.gif,92259
map_0523.gif,92260
map_0523.gif,92262
map_0523.gif,92264
map_0505.gif,92266
map_0505.gif,92267
map_0523.gif,92268
map_0523.gif,92270
map_0523.gif,92273
map_0523.gif,92274
map_0523.gif,92275
map_0523.gif,92276
map_0523.gif,92277
map_0523.gif,92278
map_0505.gif,92280
map_0523.gif,92281
map_0523.gif,92282
map_0523.gif,92283
map_0523.gif,92284
map_0523.gif,92285
map_0523.gif,92301
map_0507.gif,92304
map_0523.gif,92305
map_0523.gif,92307
map_0523.gif,92308
map_0508.gif,92309
map_0523.gif,92310
map_0523.gif,92311
map_0523.gif,92313
map_0523.gif,92314
map_0523.gif,92315
map_0523.gif,92316
map_0523.gif,92320
map_0523.gif,92321
map_0523.gif,92322
map_0523.gif,92324
map_0523.gif,92325
map_0523.gif,92327
map_0508.gif,92328
map_0507.gif,92332
map_0523.gif,92333
map_0525.gif,92335
map_0525.gif,92336
map_0525.gif,92337
map_0523.gif,92338
map_0523.gif,92339
map_0523.gif,92341
map_0523.gif,92342
map_0523.gif,92344
map_0523.gif,92345
map_0523.gif,92346
map_0523.gif,92347
map_0523.gif,92352
map_0523.gif,92354
map_0523.gif,92356
map_0525.gif,92358
map_0523.gif,92359
map_0507.gif,92363
map_0508.gif,92364
map_0523.gif,92365
map_0523.gif,92368
map_0523.gif,92371
map_0523.gif,92372
map_0523.gif,92373
map_0523.gif,92374
map_0523.gif,92376
map_0523.gif,92377
map_0523.gif,92378
map_0523.gif,92382
map_0508.gif,92384
map_0523.gif,92385
map_0523.gif,92386
map_0508.gif,92389
map_0523.gif,92391
map_0523.gif,92392
map_0523.gif,92394
map_0523.gif,92395
map_0523.gif,92397
map_0523.gif,92398
map_0523.gif,92399
map_0523.gif,92401
map_0523.gif,92404
map_0523.gif,92405
map_0523.gif,92407
map_0523.gif,92408
map_0523.gif,92410
map_0523.gif,92411
map_0523.gif,92501
map_0523.gif,92503
map_0523.gif,92504
map_0523.gif,92505
map_0523.gif,92506
map_0523.gif,92507
map_0523.gif,92508
map_0523.gif,92509
map_0523.gif,92518
map_0523.gif,92530
map_0523.gif,92532
map_0523.gif,92536
map_0523.gif,92539
map_0523.gif,92543
map_0523.gif,92544
map_0523.gif,92545
map_0523.gif,92548
map_0523.gif,92549
map_0523.gif,92551
map_0523.gif,92553
map_0523.gif,92555
map_0523.gif,92557
map_0523.gif,92561
map_0523.gif,92562
map_0523.gif,92563
map_0523.gif,92567
map_0523.gif,92570
map_0523.gif,92571
map_0523.gif,92582
map_0523.gif,92583
map_0523.gif,92584
map_0523.gif,92585
map_0523.gif,92586
map_0523.gif,92587
map_0523.gif,92590
map_0523.gif,92591
map_0523.gif,92592
map_0523.gif,92595
map_0523.gif,92596
map_0525.gif,92602
map_0525.gif,92603
map_0525.gif,92604
map_0525.gif,92606
map_0525.gif,92610
map_0525.gif,92612
map_0525.gif,92614
map_0525.gif,92617
map_0525.gif,92618
map_0525.gif,92620
map_0525.gif,92624
map_0525.gif,92625
map_0525.gif,92626
map_0525.gif,92627
map_0525.gif,92629
map_0525.gif,92630
map_0525.gif,92637
map_0525.gif,92646
map_0525.gif,92647
map_0525.gif,92648
map_0525.gif,92649
map_0525.gif,92651
map_0525.gif,92653
map_0525.gif,92655
map_0525.gif,92656
map_0525.gif,92657
map_0525.gif,92660
map_0525.gif,92661
map_0525.gif,92662
map_0525.gif,92663
map_0525.gif,92672
map_0525.gif,92673
map_0525.gif,92675
map_0525.gif,92676
map_0525.gif,92677
map_0525.gif,92678
map_0525.gif,92679
map_0525.gif,92683
map_0525.gif,92688
map_0525.gif,92691
map_0525.gif,92692
map_0525.gif,92694
map_0525.gif,92701
map_0525.gif,92703
map_0525.gif,92704
map_0525.gif,92705
map_0525.gif,92706
map_0525.gif,92707
map_0525.gif,92708
map_0525.gif,92780
map_0525.gif,92782
map_0525.gif,92801
map_0525.gif,92802
map_0525.gif,92804
map_0525.gif,92805
map_0525.gif,92806
map_0525.gif,92807
map_0525.gif,92808
map_0525.gif,92821
map_0525.gif,92823
map_0525.gif,92831
map_0525.gif,92832
map_0525.gif,92833
map_0525.gif,92835
map_0525.gif,92840
map_0525.gif,92841
map_0525.gif,92843
map_0525.gif,92844
map_0525.gif,92845
map_0525.gif,92860
map_0525.gif,92861
map_0525.gif,92865
map_0525.gif,92866
map_0525.gif,92867
map_0525.gif,92868
map_0525.gif,92869
map_0525.gif,92870
map_0525.gif,92879
map_0525.gif,92880
map_0525.gif,92881
map_0525.gif,92882
map_0525.gif,92883
map_0525.gif,92886
map_0525.gif,92887
map_0523.gif,93001
map_0523.gif,93003
map_0523.gif,93004
map_0523.gif,93010
map_0523.gif,93012
map_0523.gif,93013
map_0523.gif,93015
map_0523.gif,93021
map_0523.gif,93022
map_0523.gif,93023
map_0523.gif,93030
map_0523.gif,93033
map_0523.gif,93035
map_0523.gif,93036
map_0523.gif,93040
map_0523.gif,93041
map_0523.gif,93042
map_0523.gif,93043
map_0523.gif,93060
map_0523.gif,93063
map_0523.gif,93064
map_0523.gif,93065
map_0523.gif,93066
map_0523.gif,93067
map_0523.gif,93101
map_0523.gif,93103
map_0523.gif,93105
map_0523.gif,93108
map_0523.gif,93109
map_0523.gif,93110
map_0523.gif,93111
map_0523.gif,93117
map_0530.gif,93201
map_0529.gif,93202
map_0530.gif,93203
map_0529.gif,93204
map_0530.gif,93205
map_0530.gif,93206
map_0530.gif,93207
map_0530.gif,93208
map_0529.gif,93210
map_0529.gif,93212
map_0530.gif,93215
map_0530.gif,93218
map_0530.gif,93219
map_0530.gif,93220
map_0529.gif,93221
map_0530.gif,93222
map_0529.gif,93223
map_0530.gif,93224
map_0530.gif,93225
map_0530.gif,93226
map_0529.gif,93230
map_0529.gif,93234
map_0529.gif,93235
map_0530.gif,93238
map_0529.gif,93239
map_0530.gif,93240
map_0530.gif,93241
map_0529.gif,93242
map_0530.gif,93243
map_0529.gif,93244
map_0529.gif,93245
map_0529.gif,93247
map_0530.gif,93249
map_0530.gif,93250
map_0530.gif,93251
map_0530.gif,93252
map_0530.gif,93254
map_0530.gif,93255
map_0530.gif,93256
map_0530.gif,93257
map_0530.gif,93258
map_0530.gif,93260
map_0530.gif,93261
map_0529.gif,93262
map_0530.gif,93263
map_0530.gif,93265
map_0529.gif,93266
map_0529.gif,93267
map_0530.gif,93268
map_0530.gif,93270
map_0529.gif,93271
map_0530.gif,93272
map_0529.gif,93274
map_0530.gif,93276
map_0529.gif,93277
map_0530.gif,93280
map_0530.gif,93283
map_0530.gif,93285
map_0529.gif,93286
map_0530.gif,93287
map_0529.gif,93291
map_0529.gif,93292
map_0530.gif,93301
map_0530.gif,93304
map_0530.gif,93305
map_0530.gif,93306
map_0530.gif,93307
map_0530.gif,93308
map_0530.gif,93309
map_0530.gif,93311
map_0530.gif,93312
map_0530.gif,93313
map_0530.gif,93314
map_0531.gif,93401
map_0531.gif,93402
map_0531.gif,93405
map_0531.gif,93410
map_0523.gif,93420
map_0531.gif,93422
map_0531.gif,93424
map_0531.gif,93426
map_0523.gif,93427
map_0531.gif,93428
map_0523.gif,93429
map_0531.gif,93430
map_0531.gif,93432
map_0523.gif,93433
map_0523.gif,93434
map_0523.gif,93436
map_0523.gif,93437
map_0523.gif,93440
map_0523.gif,93441
map_0531.gif,93442
map_0523.gif,93444
map_0523.gif,93445
map_0531.gif,93446
map_0523.gif,93449
map_0531.gif,93450
map_0531.gif,93451
map_0531.gif,93452
map_0531.gif,93453
map_0523.gif,93454
map_0523.gif,93455
map_0523.gif,93458
map_0523.gif,93460
map_0531.gif,93461
map_0523.gif,93463
map_0531.gif,93465
map_0523.gif,93501
map_0523.gif,93505
map_0523.gif,93510
map_0533.gif,93512
map_0533.gif,93513
map_0533.gif,93514
map_0523.gif,93516
map_0533.gif,93517
map_0530.gif,93518
map_0523.gif,93519
map_0532.gif,93522
map_0523.gif,93523
map_0523.gif,93524
map_0533.gif,93526
map_0532.gif,93527
map_0532.gif,93528
map_0533.gif,93529
map_0532.gif,93530
map_0523.gif,93531
map_0523.gif,93532
map_0523.gif,93534
map_0523.gif,93535
map_0523.gif,93536
map_0533.gif,93541
map_0523.gif,93543
map_0523.gif,93544
map_0532.gif,93545
map_0533.gif,93546
map_0532.gif,93549
map_0523.gif,93550
map_0523.gif,93551
map_0523.gif,93552
map_0523.gif,93553
map_0532.gif,93554
map_0532.gif,93555
map_0532.gif,93558
map_0523.gif,93560
map_0523.gif,93561
map_0532.gif,93562
map_0523.gif,93563
map_0523.gif,93591
map_0532.gif,93592
map_0534.gif,93601
map_0534.gif,93602
map_0534.gif,93603
map_0534.gif,93604
map_0534.gif,93605
map_0534.gif,93606
map_0534.gif,93608
map_0534.gif,93609
map_0534.gif,93610
map_0534.gif,93611
map_0534.gif,93612
map_0534.gif,93614
map_0534.gif,93615
map_0534.gif,93616
map_0534.gif,93618
map_0534.gif,93619
map_0534.gif,93620
map_0534.gif,93621
map_0534.gif,93622
map_0534.gif,93623
map_0534.gif,93624
map_0534.gif,93625
map_0534.gif,93626
map_0534.gif,93627
map_0534.gif,93628
map_0534.gif,93630
map_0534.gif,93631
map_0534.gif,93633
map_0534.gif,93634
map_0534.gif,93635
map_0534.gif,93636
map_0534.gif,93637
map_0534.gif,93638
map_0534.gif,93640
map_0534.gif,93641
map_0534.gif,93643
map_0534.gif,93644
map_0534.gif,93645
map_0534.gif,93646
map_0534.gif,93647
map_0534.gif,93648
map_0534.gif,93650
map_0534.gif,93651
map_0534.gif,93652
map_0534.gif,93653
map_0534.gif,93654
map_0534.gif,93656
map_0534.gif,93657
map_0534.gif,93660
map_0534.gif,93662
map_0534.gif,93664
map_0534.gif,93665
map_0534.gif,93666
map_0534.gif,93667
map_0534.gif,93668
map_0534.gif,93669
map_0534.gif,93673
map_0534.gif,93675
map_0534.gif,93701
map_0534.gif,93702
map_0534.gif,93703
map_0534.gif,93704
map_0534.gif,93705
map_0534.gif,93706
map_0534.gif,93710
map_0534.gif,93711
map_0534.gif,93720
map_0534.gif,93721
map_0534.gif,93722
map_0534.gif,93723
map_0534.gif,93725
map_0534.gif,93726
map_0534.gif,93727
map_0534.gif,93728
map_0534.gif,93730
map_0535.gif,93901
map_0535.gif,93905
map_0535.gif,93906
map_0535.gif,93907
map_0535.gif,93908
map_0535.gif,93920
map_0535.gif,93921
map_0535.gif,93923
map_0535.gif,93924
map_0535.gif,93925
map_0535.gif,93926
map_0535.gif,93927
map_0535.gif,93928
map_0535.gif,93930
map_0535.gif,93932
map_0535.gif,93933
map_0535.gif,93940
map_0535.gif,93943
map_0535.gif,93950
map_0535.gif,93953
map_0535.gif,93954
map_0535.gif,93955
map_0535.gif,93960
map_0535.gif,93962
map_0536.gif,94002
map_0536.gif,94005
map_0536.gif,94010
map_0536.gif,94014
map_0536.gif,94015
map_0536.gif,94019
map_0536.gif,94020
map_0536.gif,94021
map_0536.gif,94022
map_0536.gif,94024
map_0536.gif,94025
map_0536.gif,94027
map_0536.gif,94028
map_0536.gif,94030
map_0536.gif,94037
map_0536.gif,94038
map_0536.gif,94040
map_0536.gif,94041
map_0536.gif,94043
map_0536.gif,94044
map_0536.gif,94060
map_0536.gif,94061
map_0536.gif,94062
map_0536.gif,94063
map_0536.gif,94065
map_0536.gif,94066
map_0536.gif,94070
map_0536.gif,94074
map_0536.gif,94080
map_0536.gif,94085
map_0536.gif,94086
map_0536.gif,94087
map_0536.gif,94089
map_0536.gif,94102
map_0536.gif,94103
map_0536.gif,94104
map_0536.gif,94105
map_0536.gif,94107
map_0536.gif,94108
map_0536.gif,94109
map_0536.gif,94110
map_0536.gif,94111
map_0536.gif,94112
map_0536.gif,94114
map_0536.gif,94115
map_0536.gif,94116
map_0536.gif,94117
map_0536.gif,94118
map_0536.gif,94121
map_0536.gif,94122
map_0536.gif,94123
map_0536.gif,94124
map_0536.gif,94127
map_0536.gif,94128
map_0536.gif,94129
map_0536.gif,94130
map_0536.gif,94131
map_0536.gif,94132
map_0536.gif,94133
map_0536.gif,94134
map_0536.gif,94158
map_0536.gif,94301
map_0536.gif,94303
map_0536.gif,94304
map_0536.gif,94305
map_0536.gif,94306
map_0536.gif,94401
map_0536.gif,94402
map_0536.gif,94403
map_0536.gif,94404
map_0540.gif,94501
map_0540.gif,94502
map_0540.gif,94503
map_0539.gif,94505
map_0536.gif,94506
map_0536.gif,94507
map_0539.gif,94508
map_0539.gif,94509
map_0539.gif,94510
map_0539.gif,94511
map_0539.gif,94512
map_0539.gif,94513
map_0539.gif,94514
map_0536.gif,94515
map_0539.gif,94516
map_0539.gif,94517
map_0539.gif,94518
map_0539.gif,94519
map_0539.gif,94520
map_0539.gif,94521
map_0539.gif,94523
map_0540.gif,94525
map_0536.gif,94526
map_0536.gif,94528
map_0540.gif,94530
map_0539.gif,94531
map_0539.gif,94533
map_0539.gif,94534
map_0539.gif,94535
map_0536.gif,94536
map_0536.gif,94538
map_0536.gif,94539
map_0540.gif,94541
map_0540.gif,94542
map_0540.gif,94544
map_0540.gif,94545
map_0536.gif,94546
map_0540.gif,94547
map_0539.gif,94548
map_0539.gif,94549
map_0536.gif,94550
map_0536.gif,94551
map_0536.gif,94552
map_0539.gif,94553
map_0536.gif,94555
map_0539.gif,94556
map_0539.gif,94558
map_0539.gif,94559
map_0536.gif,94560
map_0539.gif,94561
map_0539.gif,94563
map_0540.gif,94564
map_0539.gif,94565
map_0536.gif,94566
map_0539.gif,94567
map_0536.gif,94568
map_0540.gif,94569
map_0539.gif,94571
map_0540.gif,94572
map_0539.gif,94573
map_0539.gif,94574
map_0539.gif,94575
map_0539.gif,94576
map_0540.gif,94577
map_0540.gif,94578
map_0540.gif,94579
map_0540.gif,94580
map_0536.gif,94582
map_0536.gif,94583
map_0539.gif,94585
map_0536.gif,94586
map_0540.gif,94587
map_0536.gif,94588
map_0540.gif,94589
map_0540.gif,94590
map_0540.gif,94591
map_0540.gif,94592
map_0536.gif,94595
map_0536.gif,94596
map_0536.gif,94597
map_0536.gif,94598
map_0539.gif,94599
map_0540.gif,94601
map_0540.gif,94602
map_0540.gif,94603
map_0540.gif,94605
map_0540.gif,94606
map_0540.gif,94607
map_0540.gif,94608
map_0540.gif,94609
map_0540.gif,94610
map_0540.gif,94611
map_0540.gif,94612
map_0540.gif,94613
map_0540.gif,94618
map_0540.gif,94619
map_0540.gif,94621
map_0540.gif,94702
map_0540.gif,94703
map_0540.gif,94704
map_0540.gif,94705
map_0540.gif,94706
map_0540.gif,94707
map_0540.gif,94708
map_0540.gif,94709
map_0540.gif,94710
map_0540.gif,94720
map_0540.gif,94801
map_0540.gif,94803
map_0540.gif,94804
map_0540.gif,94805
map_0540.gif,94806
map_0540.gif,94850
map_0536.gif,94901
map_0536.gif,94903
map_0540.gif,94904
map_0536.gif,94920
map_0536.gif,94922
map_0536.gif,94923
map_0536.gif,94924
map_0540.gif,94925
map_0536.gif,94928
map_0536.gif,94929
map_0536.gif,94930
map_0536.gif,94931
map_0536.gif,94933
map_0536.gif,94937
map_0536.gif,94938
map_0540.gif,94939
map_0536.gif,94940
map_0536.gif,94941
map_0536.gif,94945
map_0536.gif,94946
map_0536.gif,94947
map_0536.gif,94949
map_0536.gif,94950
map_0536.gif,94951
map_0536.gif,94952
map_0536.gif,94954
map_0536.gif,94956
map_0536.gif,94957
map_0536.gif,94960
map_0536.gif,94963
map_0540.gif,94964
map_0536.gif,94965
map_0536.gif,94970
map_0536.gif,94971
map_0536.gif,94972
map_0536.gif,94973
map_0536.gif,95002
map_0535.gif,95003
map_0535.gif,95004
map_0535.gif,95005
map_0535.gif,95006
map_0535.gif,95007
map_0536.gif,95008
map_0535.gif,95010
map_0535.gif,95012
map_0536.gif,95013
map_0536.gif,95014
map_0535.gif,95017
map_0535.gif,95018
map_0535.gif,95019
map_0536.gif,95020
map_0535.gif,95023
map_0536.gif,95030
map_0536.gif,95032
map_0536.gif,95033
map_0536.gif,95035
map_0536.gif,95037
map_0535.gif,95039
map_0535.gif,95041
map_0535.gif,95043
map_0535.gif,95045
map_0536.gif,95046
map_0536.gif,95050
map_0536.gif,95051
map_0536.gif,95053
map_0536.gif,95054
map_0535.gif,95060
map_0535.gif,95062
map_0535.gif,95064
map_0535.gif,95065
map_0535.gif,95066
map_0536.gif,95070
map_0535.gif,95073
map_0535.gif,95075
map_0535.gif,95076
map_0536.gif,95110
map_0536.gif,95111
map_0536.gif,95112
map_0536.gif,95113
map_0536.gif,95116
map_0536.gif,95117
map_0536.gif,95118
map_0536.gif,95119
map_0536.gif,95120
map_0536.gif,95121
map_0536.gif,95122
map_0536.gif,95123
map_0536.gif,95124
map_0536.gif,95125
map_0536.gif,95126
map_0536.gif,95127
map_0536.gif,95128
map_0536.gif,95129
map_0536.gif,95130
map_0536.gif,95131
map_0536.gif,95132
map_0536.gif,95133
map_0536.gif,95134
map_0536.gif,95135
map_0536.gif,95136
map_0536.gif,95138
map_0536.gif,95139
map_0536.gif,95140
map_0536.gif,95148
map_0539.gif,95202
map_0539.gif,95203
map_0539.gif,95204
map_0539.gif,95205
map_0539.gif,95206
map_0539.gif,95207
map_0539.gif,95209
map_0539.gif,95210
map_0539.gif,95211
map_0539.gif,95212
map_0539.gif,95215
map_0539.gif,95219
map_0539.gif,95220
map_0539.gif,95222
map_0539.gif,95223
map_0539.gif,95224
map_0539.gif,95225
map_0539.gif,95226
map_0539.gif,95227
map_0539.gif,95228
map_0539.gif,95230
map_0539.gif,95231
map_0539.gif,95232
map_0539.gif,95233
map_0539.gif,95234
map_0539.gif,95236
map_0539.gif,95237
map_0539.gif,95240
map_0539.gif,95242
map_0539.gif,95245
map_0539.gif,95246
map_0539.gif,95247
map_0539.gif,95248
map_0539.gif,95249
map_0539.gif,95251
map_0539.gif,95252
map_0539.gif,95254
map_0539.gif,95255
map_0539.gif,95257
map_0539.gif,95258
map_0539.gif,95301
map_0539.gif,95303
map_0540.gif,95304
map_0539.gif,95305
map_0539.gif,95306
map_0539.gif,95307
map_0539.gif,95310
map_0539.gif,95311
map_0539.gif,95312
map_0539.gif,95313
map_0539.gif,95315
map_0539.gif,95316
map_0539.gif,95317
map_0539.gif,95318
map_0539.gif,95319
map_0539.gif,95320
map_0539.gif,95321
map_0539.gif,95322
map_0539.gif,95323
map_0539.gif,95324
map_0539.gif,95325
map_0539.gif,95326
map_0539.gif,95327
map_0539.gif,95328
map_0539.gif,95329
map_0540.gif,95330
map_0539.gif,95333
map_0539.gif,95334
map_0539.gif,95335
map_0540.gif,95336
map_0540.gif,95337
map_0539.gif,95338
map_0539.gif,95340
map_0539.gif,95341
map_0539.gif,95345
map_0539.gif,95346
map_0539.gif,95348
map_0539.gif,95350
map_0539.gif,95351
map_0539.gif,95354
map_0539.gif,95355
map_0539.gif,95356
map_0539.gif,95357
map_0539.gif,95358
map_0539.gif,95360
map_0539.gif,95361
map_0540.gif,95363
map_0539.gif,95364
map_0539.gif,95365
map_0539.gif,95366
map_0539.gif,95367
map_0539.gif,95368
map_0539.gif,95369
map_0539.gif,95370
map_0539.gif,95372
map_0539.gif,95374
map_0539.gif,95375
map_0540.gif,95376
map_0540.gif,95377
map_0539.gif,95379
map_0539.gif,95380
map_0539.gif,95382
map_0539.gif,95383
map_0539.gif,95385
map_0539.gif,95386
map_0539.gif,95387
map_0539.gif,95388
map_0539.gif,95389
map_0540.gif,95391
map_0536.gif,95401
map_0536.gif,95403
map_0536.gif,95404
map_0536.gif,95405
map_0536.gif,95407
map_0536.gif,95409
map_0536.gif,95410
map_0536.gif,95412
map_0536.gif,95415
map_0536.gif,95417
map_0536.gif,95420
map_0536.gif,95421
map_0536.gif,95422
map_0536.gif,95423
map_0536.gif,95425
map_0536.gif,95426
map_0536.gif,95427
map_0536.gif,95428
map_0536.gif,95429
map_0536.gif,95430
map_0536.gif,95431
map_0536.gif,95432
map_0536.gif,95435
map_0536.gif,95436
map_0536.gif,95437
map_0536.gif,95439
map_0536.gif,95441
map_0536.gif,95442
map_0536.gif,95443
map_0536.gif,95444
map_0536.gif,95445
map_0536.gif,95446
map_0536.gif,95448
map_0536.gif,95449
map_0536.gif,95450
map_0536.gif,95451
map_0536.gif,95452
map_0536.gif,95453
map_0536.gif,95454
map_0536.gif,95456
map_0536.gif,95457
map_0536.gif,95458
map_0536.gif,95459
map_0536.gif,95460
map_0536.gif,95461
map_0536.gif,95462
map_0536.gif,95463
map_0536.gif,95464
map_0536.gif,95465
map_0536.gif,95466
map_0536.gif,95467
map_0536.gif,95468
map_0536.gif,95469
map_0536.gif,95470
map_0536.gif,95471
map_0536.gif,95472
map_0536.gif,95476
map_0536.gif,95482
map_0536.gif,95485
map_0536.gif,95486
map_0536.gif,95488
map_0536.gif,95490
map_0536.gif,95492
map_0536.gif,95493
map_0536.gif,95494
map_0536.gif,95497
map_0542.gif,95501
map_0542.gif,95503
map_0542.gif,95511
map_0542.gif,95514
map_0542.gif,95519
map_0542.gif,95521
map_0542.gif,95524
map_0542.gif,95525
map_0542.gif,95526
map_0542.gif,95527
map_0542.gif,95528
map_0543.gif,95531
map_0542.gif,95536
map_0542.gif,95537
map_0542.gif,95540
map_0542.gif,95542
map_0543.gif,95543
map_0542.gif,95545
map_0542.gif,95546
map_0542.gif,95547
map_0543.gif,95548
map_0542.gif,95549
map_0542.gif,95550
map_0542.gif,95551
map_0542.gif,95552
map_0542.gif,95553
map_0542.gif,95554
map_0542.gif,95555
map_0542.gif,95556
map_0542.gif,95558
map_0542.gif,95559
map_0542.gif,95560
map_0542.gif,95562
map_0542.gif,95563
map_0542.gif,95564
map_0542.gif,95565
map_0543.gif,95567
map_0542.gif,95568
map_0542.gif,95569
map_0542.gif,95570
map_0542.gif,95571
map_0542.gif,95573
map_0542.gif,95585
map_0542.gif,95587
map_0542.gif,95589
map_0542.gif,95595
map_0539.gif,95601
map_0539.gif,95602
map_0539.gif,95603
map_0539.gif,95604
map_0540.gif,95605
map_0540.gif,95606
map_0540.gif,95607
map_0539.gif,95608
map_0539.gif,95610
map_0540.gif,95612
map_0539.gif,95614
map_0540.gif,95615
map_0540.gif,95616
map_0540.gif,95618
map_0539.gif,95619
map_0540.gif,95620
map_0539.gif,95621
map_0539.gif,95623
map_0539.gif,95624
map_0539.gif,95625
map_0540.gif,95626
map_0540.gif,95627
map_0539.gif,95628
map_0539.gif,95629
map_0539.gif,95630
map_0539.gif,95631
map_0539.gif,95632
map_0539.gif,95633
map_0539.gif,95634
map_0539.gif,95635
map_0539.gif,95636
map_0540.gif,95637
map_0539.gif,95638
map_0540.gif,95639
map_0539.gif,95640
map_0540.gif,95641
map_0539.gif,95642
map_0540.gif,95645
map_0520.gif,95646
map_0539.gif,95648
map_0539.gif,95650
map_0539.gif,95651
map_0540.gif,95652
map_0540.gif,95653
map_0539.gif,95655
map_0539.gif,95658
map_0539.gif,95659
map_0540.gif,95660
map_0539.gif,95661
map_0539.gif,95662
map_0539.gif,95663
map_0539.gif,95664
map_0539.gif,95665
map_0539.gif,95666
map_0539.gif,95667
map_0540.gif,95668
map_0539.gif,95669
map_0539.gif,95670
map_0539.gif,95672
map_0540.gif,95673
map_0539.gif,95674
map_0539.gif,95675
map_0539.gif,95677
map_0539.gif,95678
map_0540.gif,95679
map_0540.gif,95680
map_0539.gif,95681
map_0539.gif,95682
map_0539.gif,95683
map_0539.gif,95684
map_0539.gif,95685
map_0540.gif,95686
map_0539.gif,95687
map_0539.gif,95688
map_0539.gif,95689
map_0540.gif,95690
map_0540.gif,95691
map_0539.gif,95692
map_0539.gif,95693
map_0540.gif,95694
map_0540.gif,95695
map_0540.gif,95697
map_0540.gif,95698
map_0539.gif,95699
map_0539.gif,95701
map_0539.gif,95703
map_0539.gif,95709
map_0539.gif,95713
map_0539.gif,95714
map_0539.gif,95715
map_0539.gif,95717
map_0520.gif,95720
map_0520.gif,95721
map_0539.gif,95722
map_0519.gif,95724
map_0539.gif,95726
map_0519.gif,95728
map_0520.gif,95735
map_0539.gif,95736
map_0539.gif,95742
map_0539.gif,95746
map_0539.gif,95747
map_0540.gif,95757
map_0540.gif,95758
map_0539.gif,95762
map_0539.gif,95765
map_0540.gif,95776
map_0540.gif,95811
map_0540.gif,95814
map_0540.gif,95815
map_0540.gif,95816
map_0540.gif,95817
map_0540.gif,95818
map_0540.gif,95819
map_0540.gif,95820
map_0540.gif,95821
map_0540.gif,95822
map_0540.gif,95823
map_0540.gif,95824
map_0540.gif,95825
map_0539.gif,95826
map_0539.gif,95827
map_0539.gif,95828
map_0539.gif,95829
map_0539.gif,95830
map_0540.gif,95831
map_0540.gif,95832
map_0540.gif,95833
map_0540.gif,95834
map_0540.gif,95835
map_0540.gif,95837
map_0540.gif,95838
map_0540.gif,95841
map_0540.gif,95842
map_0540.gif,95843
map_0540.gif,95864
map_0539.gif,95901
map_0539.gif,95903
map_0539.gif,95910
map_0539.gif,95912
map_0539.gif,95914
map_0520.gif,95915
map_0539.gif,95916
map_0539.gif,95917
map_0539.gif,95918
map_0539.gif,95919
map_0539.gif,95920
map_0539.gif,95922
map_0520.gif,95923
map_0539.gif,95925
map_0539.gif,95926
map_0539.gif,95928
map_0539.gif,95930
map_0539.gif,95932
map_0520.gif,95934
map_0539.gif,95935
map_0539.gif,95936
map_0539.gif,95937
map_0539.gif,95938
map_0539.gif,95939
map_0539.gif,95941
map_0539.gif,95942
map_0539.gif,95943
map_0539.gif,95944
map_0539.gif,95945
map_0539.gif,95946
map_0520.gif,95947
map_0539.gif,95948
map_0539.gif,95949
map_0539.gif,95950
map_0539.gif,95951
map_0539.gif,95953
map_0539.gif,95954
map_0539.gif,95955
map_0520.gif,95956
map_0539.gif,95957
map_0539.gif,95959
map_0539.gif,95960
map_0539.gif,95961
map_0539.gif,95962
map_0539.gif,95963
map_0539.gif,95965
map_0539.gif,95966
map_0539.gif,95968
map_0539.gif,95969
map_0539.gif,95970
map_0520.gif,95971
map_0539.gif,95973
map_0539.gif,95974
map_0539.gif,95975
map_0539.gif,95977
map_0539.gif,95978
map_0539.gif,95979
map_0539.gif,95981
map_0539.gif,95982
map_0520.gif,95983
map_0520.gif,95984
map_0539.gif,95986
map_0539.gif,95987
map_0539.gif,95988
map_0539.gif,95991
map_0539.gif,95993
map_0545.gif,96001
map_0545.gif,96002
map_0545.gif,96003
map_0545.gif,96006
map_0545.gif,96007
map_0545.gif,96008
map_0545.gif,96009
map_0545.gif,96010
map_0545.gif,96011
map_0545.gif,96013
map_0546.gif,96014
map_0545.gif,96015
map_0545.gif,96016
map_0546.gif,96017
map_0545.gif,96019
map_0520.gif,96020
map_0539.gif,96021
map_0545.gif,96022
map_0546.gif,96023
map_0545.gif,96024
map_0546.gif,96025
map_0546.gif,96027
map_0545.gif,96028
map_0539.gif,96029
map_0546.gif,96031
map_0546.gif,96032
map_0545.gif,96033
map_0546.gif,96034
map_0539.gif,96035
map_0546.gif,96037
map_0546.gif,96038
map_0546.gif,96039
map_0545.gif,96040
map_0545.gif,96041
map_0546.gif,96044
map_0545.gif,96046
map_0545.gif,96047
map_0545.gif,96048
map_0545.gif,96049
map_0546.gif,96050
map_0545.gif,96051
map_0545.gif,96052
map_0545.gif,96054
map_0539.gif,96055
map_0545.gif,96056
map_0546.gif,96057
map_0546.gif,96058
map_0545.gif,96059
map_0520.gif,96061
map_0545.gif,96062
map_0545.gif,96063
map_0546.gif,96064
map_0545.gif,96065
map_0546.gif,96067
map_0545.gif,96068
map_0545.gif,96069
map_0545.gif,96071
map_0545.gif,96073
map_0539.gif,96074
map_0545.gif,96075
map_0545.gif,96076
map_0545.gif,96080
map_0545.gif,96084
map_0546.gif,96085
map_0546.gif,96086
map_0545.gif,96087
map_0545.gif,96088
map_0539.gif,96090
map_0545.gif,96091
map_0539.gif,96092
map_0545.gif,96093
map_0546.gif,96094
map_0545.gif,96096
map_0546.gif,96097
map_0545.gif,96101
map_0520.gif,96103
map_0545.gif,96104
map_0519.gif,96105
map_0520.gif,96106
map_0519.gif,96107
map_0545.gif,96108
map_0519.gif,96109
map_0545.gif,96110
map_0519.gif,96111
map_0545.gif,96112
map_0519.gif,96113
map_0519.gif,96114
map_0545.gif,96115
map_0545.gif,96116
map_0519.gif,96117
map_0519.gif,96118
map_0545.gif,96119
map_0520.gif,96120
map_0519.gif,96121
map_0520.gif,96122
map_0519.gif,96123
map_0519.gif,96124
map_0539.gif,96125
map_0519.gif,96126
map_0519.gif,96128
map_0519.gif,96129
map_0519.gif,96130
map_0519.gif,96132
map_0519.gif,96133
map_0546.gif,96134
map_0519.gif,96135
map_0519.gif,96136
map_0519.gif,96137
map_0520.gif,96140
map_0520.gif,96141
map_0520.gif,96142
map_0520.gif,96143
map_0520.gif,96145
map_0520.gif,96146
map_0520.gif,96148
map_0520.gif,96150
map_0520.gif,96155
map_0519.gif,96161
map_0548.gif,96701
map_0548.gif,96703
map_0548.gif,96704
map_0548.gif,96705
map_0548.gif,96706
map_0548.gif,96707
map_0548.gif,96708
map_0548.gif,96710
map_0548.gif,96712
map_0548.gif,96713
map_0548.gif,96714
map_0548.gif,96716
map_0548.gif,96717
map_0548.gif,96719
map_0548.gif,96720
map_0548.gif,96722
map_0548.gif,96725
map_0548.gif,96726
map_0548.gif,96727
map_0548.gif,96728
map_0548.gif,96729
map_0548.gif,96730
map_0548.gif,96731
map_0548.gif,96732
map_0548.gif,96734
map_0548.gif,96737
map_0548.gif,96738
map_0548.gif,96740
map_0548.gif,96741
map_0548.gif,96742
map_0548.gif,96743
map_0548.gif,96744
map_0548.gif,96746
map_0548.gif,96747
map_0548.gif,96748
map_0548.gif,96749
map_0548.gif,96750
map_0548.gif,96751
map_0548.gif,96752
map_0548.gif,96753
map_0548.gif,96754
map_0548.gif,96755
map_0548.gif,96756
map_0548.gif,96757
map_0548.gif,96759
map_0548.gif,96760
map_0548.gif,96761
map_0548.gif,96762
map_0548.gif,96763
map_0548.gif,96764
map_0548.gif,96765
map_0548.gif,96766
map_0548.gif,96768
map_0548.gif,96769
map_0548.gif,96770
map_0548.gif,96771
map_0548.gif,96772
map_0548.gif,96773
map_0548.gif,96774
map_0548.gif,96776
map_0548.gif,96777
map_0548.gif,96778
map_0548.gif,96779
map_0548.gif,96780
map_0548.gif,96781
map_0548.gif,96782
map_0548.gif,96783
map_0548.gif,96785
map_0548.gif,96786
map_0548.gif,96789
map_0548.gif,96790
map_0548.gif,96791
map_0548.gif,96792
map_0548.gif,96793
map_0548.gif,96795
map_0548.gif,96796
map_0548.gif,96797
map_0548.gif,96813
map_0548.gif,96814
map_0548.gif,96815
map_0548.gif,96816
map_0548.gif,96817
map_0548.gif,96818
map_0548.gif,96819
map_0548.gif,96821
map_0548.gif,96822
map_0548.gif,96825
map_0548.gif,96826
map_0548.gif,96850
map_0548.gif,96853
map_0548.gif,96857
map_0548.gif,96859
map_0548.gif,96860
map_0548.gif,96863
map_0549.gif,97001
map_0550.gif,97002
map_0550.gif,97004
map_0550.gif,97005
map_0550.gif,97006
map_0550.gif,97007
map_0550.gif,97008
map_0550.gif,97009
map_0550.gif,97011
map_0550.gif,97013
map_0549.gif,97014
map_0550.gif,97015
map_0550.gif,97016
map_0550.gif,97017
map_0550.gif,97018
map_0550.gif,97019
map_0550.gif,97020
map_0549.gif,97021
map_0550.gif,97022
map_0550.gif,97023
map_0550.gif,97024
map_0550.gif,97026
map_0550.gif,97027
map_0550.gif,97028
map_0549.gif,97029
map_0550.gif,97030
map_0549.gif,97031
map_0550.gif,97032
map_0549.gif,97033
map_0550.gif,97034
map_0550.gif,97035
map_0549.gif,97037
map_0550.gif,97038
map_0549.gif,97039
map_0549.gif,97040
map_0549.gif,97041
map_0550.gif,97042
map_0550.gif,97045
map_0550.gif,97048
map_0550.gif,97049
map_0549.gif,97050
map_0550.gif,97051
map_0550.gif,97053
map_0550.gif,97054
map_0550.gif,97055
map_0550.gif,97056
map_0549.gif,97057
map_0549.gif,97058
map_0550.gif,97060
map_0550.gif,97062
map_0549.gif,97063
map_0550.gif,97064
map_0549.gif,97065
map_0550.gif,97067
map_0550.gif,97068
map_0550.gif,97070
map_0550.gif,97071
map_0550.gif,97080
map_0550.gif,97086
map_0550.gif,97089
map_0550.gif,97101
map_0551.gif,97102
map_0551.gif,97103
map_0550.gif,97106
map_0551.gif,97107
map_0551.gif,97108
map_0550.gif,97109
map_0551.gif,97110
map_0550.gif,97111
map_0551.gif,97112
map_0550.gif,97113
map_0550.gif,97114
map_0550.gif,97115
map_0550.gif,97116
map_0550.gif,97117
map_0551.gif,97118
map_0550.gif,97119
map_0551.gif,97121
map_0551.gif,97122
map_0550.gif,97123
map_0550.gif,97124
map_0550.gif,97125
map_0550.gif,97127
map_0550.gif,97128
map_0551.gif,97130
map_0551.gif,97131
map_0550.gif,97132
map_0550.gif,97133
map_0551.gif,97134
map_0551.gif,97135
map_0551.gif,97136
map_0550.gif,97137
map_0551.gif,97138
map_0550.gif,97140
map_0551.gif,97141
map_0550.gif,97144
map_0551.gif,97145
map_0551.gif,97146
map_0551.gif,97147
map_0550.gif,97148
map_0551.gif,97149
map_0550.gif,97201
map_0550.gif,97202
map_0550.gif,97203
map_0550.gif,97204
map_0550.gif,97205
map_0550.gif,97206
map_0550.gif,97208
map_0550.gif,97209
map_0550.gif,97210
map_0550.gif,97211
map_0550.gif,97212
map_0550.gif,97213
map_0550.gif,97214
map_0550.gif,97215
map_0550.gif,97216
map_0550.gif,97217
map_0550.gif,97218
map_0550.gif,97219
map_0550.gif,97220
map_0550.gif,97221
map_0550.gif,97222
map_0550.gif,97223
map_0550.gif,97224
map_0550.gif,97225
map_0550.gif,97227
map_0550.gif,97229
map_0550.gif,97230
map_0550.gif,97231
map_0550.gif,97232
map_0550.gif,97233
map_0550.gif,97236
map_0550.gif,97239
map_0550.gif,97266
map_0550.gif,97267
map_0554.gif,97301
map_0554.gif,97302
map_0554.gif,97303
map_0554.gif,97304
map_0554.gif,97305
map_0554.gif,97306
map_0554.gif,97317
map_0554.gif,97321
map_0554.gif,97322
map_0551.gif,97324
map_0554.gif,97325
map_0551.gif,97326
map_0554.gif,97327
map_0554.gif,97329
map_0554.gif,97330
map_0554.gif,97331
map_0554.gif,97333
map_0554.gif,97338
map_0551.gif,97341
map_0554.gif,97342
map_0551.gif,97343
map_0554.gif,97344
map_0554.gif,97345
map_0554.gif,97346
map_0554.gif,97347
map_0554.gif,97348
map_0554.gif,97350
map_0554.gif,97351
map_0554.gif,97352
map_0554.gif,97355
map_0551.gif,97357
map_0554.gif,97358
map_0554.gif,97360
map_0554.gif,97361
map_0554.gif,97362
map_0551.gif,97364
map_0551.gif,97365
map_0551.gif,97366
map_0551.gif,97367
map_0551.gif,97368
map_0551.gif,97369
map_0554.gif,97370
map_0554.gif,97371
map_0554.gif,97373
map_0554.gif,97374
map_0554.gif,97375
map_0551.gif,97376
map_0554.gif,97377
map_0554.gif,97378
map_0551.gif,97380
map_0554.gif,97381
map_0554.gif,97383
map_0554.gif,97384
map_0554.gif,97385
map_0554.gif,97386
map_0551.gif,97388
map_0554.gif,97389
map_0551.gif,97390
map_0551.gif,97391
map_0554.gif,97392
map_0551.gif,97394
map_0554.gif,97396
map_0555.gif,97401
map_0555.gif,97402
map_0555.gif,97403
map_0555.gif,97404
map_0555.gif,97405
map_0556.gif,97406
map_0555.gif,97408
map_0555.gif,97410
map_0556.gif,97411
map_0555.gif,97412
map_0555.gif,97413
map_0556.gif,97414
map_0556.gif,97415
map_0555.gif,97416
map_0555.gif,97417
map_0555.gif,97419
map_0556.gif,97420
map_0556.gif,97423
map_0555.gif,97424
map_0555.gif,97426
map_0555.gif,97429
map_0555.gif,97430
map_0555.gif,97431
map_0555.gif,97434
map_0555.gif,97435
map_0555.gif,97436
map_0555.gif,97437
map_0555.gif,97438
map_0555.gif,97439
map_0556.gif,97441
map_0555.gif,97442
map_0555.gif,97443
map_0556.gif,97444
map_0555.gif,97446
map_0555.gif,97447
map_0555.gif,97448
map_0556.gif,97449
map_0556.gif,97450
map_0555.gif,97451
map_0555.gif,97452
map_0555.gif,97453
map_0555.gif,97454
map_0555.gif,97455
map_0555.gif,97456
map_0555.gif,97457
map_0556.gif,97458
map_0556.gif,97459
map_0555.gif,97461
map_0555.gif,97462
map_0555.gif,97463
map_0556.gif,97465
map_0556.gif,97466
map_0556.gif,97467
map_0555.gif,97469
map_0555.gif,97470
map_0555.gif,97471
map_0556.gif,97473
map_0556.gif,97476
map_0555.gif,97477
map_0555.gif,97478
map_0555.gif,97479
map_0555.gif,97480
map_0555.gif,97481
map_0555.gif,97484
map_0555.gif,97486
map_0555.gif,97487
map_0555.gif,97488
map_0555.gif,97489
map_0555.gif,97490
map_0555.gif,97492
map_0555.gif,97493
map_0555.gif,97494
map_0555.gif,97495
map_0555.gif,97496
map_0555.gif,97497
map_0551.gif,97498
map_0555.gif,97499
map_0557.gif,97501
map_0557.gif,97502
map_0557.gif,97503
map_0557.gif,97504
map_0557.gif,97520
map_0557.gif,97522
map_0558.gif,97523
map_0557.gif,97524
map_0557.gif,97525
map_0558.gif,97526
map_0558.gif,97527
map_0557.gif,97530
map_0558.gif,97531
map_0558.gif,97532
map_0558.gif,97534
map_0557.gif,97535
map_0557.gif,97536
map_0557.gif,97537
map_0558.gif,97538
map_0557.gif,97539
map_0557.gif,97540
map_0557.gif,97541
map_0558.gif,97543
map_0558.gif,97544
map_0556.gif,97601
map_0556.gif,97603
map_0556.gif,97604
map_0556.gif,97620
map_0556.gif,97621
map_0556.gif,97622
map_0556.gif,97623
map_0556.gif,97624
map_0556.gif,97625
map_0556.gif,97626
map_0556.gif,97627
map_0556.gif,97630
map_0556.gif,97632
map_0556.gif,97633
map_0556.gif,97634
map_0556.gif,97635
map_0556.gif,97636
map_0556.gif,97637
map_0556.gif,97638
map_0556.gif,97639
map_0556.gif,97640
map_0556.gif,97641
map_0551.gif,97701
map_0551.gif,97702
map_0551.gif,97707
map_0560.gif,97710
map_0551.gif,97711
map_0551.gif,97712
map_0560.gif,97720
map_0560.gif,97721
map_0560.gif,97722
map_0551.gif,97730
map_0551.gif,97731
map_0560.gif,97732
map_0551.gif,97733
map_0551.gif,97734
map_0551.gif,97735
map_0560.gif,97736
map_0551.gif,97737
map_0560.gif,97738
map_0551.gif,97739
map_0551.gif,97741
map_0560.gif,97750
map_0551.gif,97751
map_0551.gif,97752
map_0551.gif,97753
map_0551.gif,97754
map_0551.gif,97756
map_0560.gif,97758
map_0551.gif,97759
map_0551.gif,97760
map_0551.gif,97761
map_0561.gif,97801
map_0561.gif,97810
map_0549.gif,97812
map_0561.gif,97813
map_0562.gif,97814
map_0496.gif,97817
map_0561.gif,97818
map_0496.gif,97819
map_0560.gif,97820
map_0549.gif,97823
map_0562.gif,97824
map_0560.gif,97825
map_0561.gif,97826
map_0562.gif,97827
map_0562.gif,97828
map_0560.gif,97830
map_0562.gif,97833
map_0562.gif,97834
map_0561.gif,97835
map_0561.gif,97836
map_0496.gif,97837
map_0561.gif,97838
map_0561.gif,97839
map_0562.gif,97840
map_0562.gif,97841
map_0562.gif,97842
map_0561.gif,97843
map_0561.gif,97844
map_0560.gif,97845
map_0562.gif,97846
map_0560.gif,97848
map_0562.gif,97850
map_0560.gif,97856
map_0562.gif,97857
map_0562.gif,97859
map_0561.gif,97862
map_0560.gif,97864
map_0560.gif,97865
map_0562.gif,97867
map_0561.gif,97868
map_0560.gif,97869
map_0562.gif,97870
map_0560.gif,97873
map_0560.gif,97874
map_0561.gif,97875
map_0562.gif,97876
map_0562.gif,97877
map_0560.gif,97880
map_0561.gif,97882
map_0562.gif,97883
map_0496.gif,97884
map_0562.gif,97885
map_0561.gif,97886
map_0496.gif,97901
map_0496.gif,97903
map_0560.gif,97904
map_0496.gif,97905
map_0496.gif,97906
map_0496.gif,97907
map_0496.gif,97908
map_0496.gif,97909
map_0496.gif,97910
map_0560.gif,97911
map_0496.gif,97913
map_0496.gif,97914
map_0496.gif,97918
map_0496.gif,97920
map_0563.gif,98001
map_0563.gif,98002
map_0563.gif,98003
map_0563.gif,98004
map_0563.gif,98005
map_0563.gif,98006
map_0563.gif,98007
map_0563.gif,98008
map_0563.gif,98010
map_0563.gif,98011
map_0563.gif,98012
map_0563.gif,98014
map_0563.gif,98019
map_0563.gif,98020
map_0563.gif,98021
map_0563.gif,98022
map_0563.gif,98023
map_0563.gif,98024
map_0563.gif,98026
map_0563.gif,98027
map_0563.gif,98028
map_0563.gif,98029
map_0563.gif,98030
map_0563.gif,98031
map_0563.gif,98032
map_0563.gif,98033
map_0563.gif,98034
map_0563.gif,98036
map_0563.gif,98037
map_0563.gif,98038
map_0563.gif,98039
map_0563.gif,98040
map_0563.gif,98042
map_0563.gif,98043
map_0563.gif,98045
map_0563.gif,98047
map_0563.gif,98050
map_0563.gif,98051
map_0563.gif,98052
map_0563.gif,98053
map_0563.gif,98055
map_0563.gif,98056
map_0563.gif,98057
map_0563.gif,98058
map_0563.gif,98059
map_0563.gif,98065
map_0573.gif,98068
map_0563.gif,98070
map_0563.gif,98072
map_0563.gif,98074
map_0563.gif,98075
map_0563.gif,98077
map_0563.gif,98087
map_0563.gif,98092
map_0563.gif,98101
map_0563.gif,98102
map_0563.gif,98103
map_0563.gif,98104
map_0563.gif,98105
map_0563.gif,98106
map_0563.gif,98107
map_0563.gif,98108
map_0563.gif,98109
map_0565.gif,98110
map_0563.gif,98112
map_0563.gif,98115
map_0563.gif,98116
map_0563.gif,98117
map_0563.gif,98118
map_0563.gif,98119
map_0563.gif,98121
map_0563.gif,98122
map_0563.gif,98125
map_0563.gif,98126
map_0563.gif,98133
map_0563.gif,98134
map_0563.gif,98136
map_0563.gif,98144
map_0563.gif,98146
map_0563.gif,98148
map_0563.gif,98154
map_0563.gif,98155
map_0563.gif,98158
map_0563.gif,98164
map_0563.gif,98166
map_0563.gif,98168
map_0563.gif,98174
map_0563.gif,98177
map_0563.gif,98178
map_0563.gif,98188
map_0563.gif,98195
map_0563.gif,98198
map_0563.gif,98199
map_0563.gif,98201
map_0563.gif,98203
map_0563.gif,98204
map_0563.gif,98207
map_0563.gif,98208
map_0563.gif,98220
map_0563.gif,98221
map_0563.gif,98222
map_0563.gif,98223
map_0563.gif,98224
map_0564.gif,98225
map_0564.gif,98226
map_0564.gif,98229
map_0564.gif,98230
map_0563.gif,98232
map_0563.gif,98233
map_0563.gif,98235
map_0563.gif,98236
map_0563.gif,98237
map_0563.gif,98238
map_0563.gif,98239
map_0564.gif,98240
map_0563.gif,98241
map_0563.gif,98243
map_0564.gif,98244
map_0563.gif,98245
map_0564.gif,98247
map_0564.gif,98248
map_0563.gif,98249
map_0563.gif,98250
map_0563.gif,98251
map_0563.gif,98252
map_0563.gif,98253
map_0563.gif,98255
map_0563.gif,98256
map_0563.gif,98257
map_0563.gif,98258
map_0563.gif,98260
map_0563.gif,98261
map_0564.gif,98262
map_0563.gif,98263
map_0564.gif,98264
map_0564.gif,98266
map_0563.gif,98267
map_0563.gif,98270
map_0563.gif,98271
map_0563.gif,98272
map_0563.gif,98273
map_0563.gif,98274
map_0563.gif,98275
map_0564.gif,98276
map_0563.gif,98277
map_0563.gif,98278
map_0563.gif,98279
map_0563.gif,98280
map_0564.gif,98281
map_0563.gif,98282
map_0563.gif,98283
map_0563.gif,98284
map_0563.gif,98286
map_0563.gif,98288
map_0563.gif,98290
map_0563.gif,98292
map_0563.gif,98294
map_0564.gif,98295
map_0563.gif,98296
map_0563.gif,98297
map_0563.gif,98303
map_0563.gif,98304
map_0564.gif,98305
map_0565.gif,98310
map_0565.gif,98311
map_0565.gif,98312
map_0565.gif,98314
map_0565.gif,98315
map_0564.gif,98320
map_0563.gif,98321
map_0563.gif,98323
map_0564.gif,98325
map_0564.gif,98326
map_0563.gif,98327
map_0563.gif,98328
map_0563.gif,98329
map_0563.gif,98330
map_0564.gif,98331
map_0563.gif,98332
map_0563.gif,98333
map_0563.gif,98335
map_0566.gif,98336
map_0565.gif,98337
map_0563.gif,98338
map_0564.gif,98339
map_0565.gif,98340
map_0565.gif,98342
map_0565.gif,98345
map_0565.gif,98346
map_0563.gif,98349
map_0564.gif,98350
map_0563.gif,98351
map_0565.gif,98353
map_0563.gif,98354
map_0563.gif,98355
map_0566.gif,98356
map_0564.gif,98357
map_0564.gif,98358
map_0563.gif,98359
map_0563.gif,98360
map_0566.gif,98361
map_0564.gif,98362
map_0564.gif,98363
map_0565.gif,98364
map_0564.gif,98365
map_0565.gif,98366
map_0565.gif,98367
map_0564.gif,98368
map_0565.gif,98370
map_0563.gif,98371
map_0563.gif,98372
map_0563.gif,98373
map_0563.gif,98374
map_0563.gif,98375
map_0564.gif,98376
map_0566.gif,98377
map_0565.gif,98380
map_0564.gif,98381
map_0564.gif,98382
map_0565.gif,98383
map_0563.gif,98385
map_0563.gif,98387
map_0563.gif,98388
map_0563.gif,98390
map_0563.gif,98391
map_0565.gif,98392
map_0563.gif,98394
map_0563.gif,98396
map_0563.gif,98402
map_0563.gif,98403
map_0563.gif,98404
map_0563.gif,98405
map_0563.gif,98406
map_0563.gif,98407
map_0563.gif,98408
map_0563.gif,98409
map_0563.gif,98416
map_0563.gif,98418
map_0563.gif,98421
map_0563.gif,98422
map_0563.gif,98424
map_0563.gif,98430
map_0563.gif,98433
map_0563.gif,98438
map_0563.gif,98439
map_0563.gif,98443
map_0563.gif,98444
map_0563.gif,98445
map_0563.gif,98446
map_0563.gif,98447
map_0563.gif,98465
map_0563.gif,98466
map_0563.gif,98467
map_0563.gif,98498
map_0563.gif,98499
map_0563.gif,98501
map_0563.gif,98502
map_0563.gif,98503
map_0563.gif,98506
map_0563.gif,98512
map_0563.gif,98513
map_0563.gif,98516
map_0566.gif,98520
map_0565.gif,98524
map_0566.gif,98526
map_0566.gif,98527
map_0565.gif,98528
map_0563.gif,98530
map_0566.gif,98531
map_0566.gif,98532
map_0566.gif,98533
map_0566.gif,98535
map_0566.gif,98536
map_0566.gif,98537
map_0566.gif,98538
map_0566.gif,98541
map_0566.gif,98542
map_0566.gif,98544
map_0566.gif,98546
map_0566.gif,98547
map_0566.gif,98548
map_0566.gif,98550
map_0566.gif,98552
map_0566.gif,98555
map_0566.gif,98557
map_0563.gif,98558
map_0566.gif,98559
map_0566.gif,98560
map_0566.gif,98562
map_0566.gif,98563
map_0566.gif,98564
map_0566.gif,98565
map_0566.gif,98568
map_0566.gif,98569
map_0566.gif,98570
map_0566.gif,98571
map_0566.gif,98572
map_0566.gif,98575
map_0563.gif,98576
map_0566.gif,98577
map_0566.gif,98579
map_0563.gif,98580
map_0566.gif,98581
map_0566.gif,98582
map_0566.gif,98583
map_0566.gif,98584
map_0566.gif,98585
map_0566.gif,98586
map_0566.gif,98587
map_0565.gif,98588
map_0563.gif,98589
map_0566.gif,98590
map_0566.gif,98591
map_0566.gif,98592
map_0566.gif,98593
map_0566.gif,98595
map_0566.gif,98596
map_0563.gif,98597
map_0550.gif,98601
map_0549.gif,98602
map_0550.gif,98603
map_0550.gif,98604
map_0549.gif,98605
map_0550.gif,98606
map_0550.gif,98607
map_0549.gif,98610
map_0550.gif,98611
map_0550.gif,98612
map_0549.gif,98613
map_0551.gif,98614
map_0550.gif,98616
map_0549.gif,98617
map_0549.gif,98619
map_0549.gif,98620
map_0550.gif,98621
map_0551.gif,98624
map_0550.gif,98625
map_0550.gif,98626
map_0549.gif,98628
map_0550.gif,98629
map_0551.gif,98631
map_0550.gif,98632
map_0549.gif,98635
map_0551.gif,98638
map_0549.gif,98639
map_0551.gif,98640
map_0551.gif,98641
map_0550.gif,98642
map_0550.gif,98643
map_0551.gif,98644
map_0550.gif,98645
map_0550.gif,98647
map_0549.gif,98648
map_0550.gif,98649
map_0549.gif,98650
map_0549.gif,98651
map_0550.gif,98660
map_0550.gif,98661
map_0550.gif,98662
map_0550.gif,98663
map_0550.gif,98664
map_0550.gif,98665
map_0549.gif,98670
map_0550.gif,98671
map_0549.gif,98672
map_0549.gif,98673
map_0550.gif,98674
map_0550.gif,98675
map_0550.gif,98682
map_0550.gif,98683
map_0550.gif,98684
map_0550.gif,98685
map_0550.gif,98686
map_0570.gif,98801
map_0570.gif,98802
map_0570.gif,98811
map_0494.gif,98812
map_0494.gif,98813
map_0494.gif,98814
map_0570.gif,98815
map_0570.gif,98816
map_0570.gif,98817
map_0494.gif,98819
map_0570.gif,98821
map_0570.gif,98822
map_0570.gif,98823
map_0570.gif,98824
map_0570.gif,98826
map_0494.gif,98827
map_0570.gif,98828
map_0494.gif,98829
map_0494.gif,98830
map_0570.gif,98831
map_0494.gif,98832
map_0494.gif,98833
map_0494.gif,98834
map_0570.gif,98836
map_0570.gif,98837
map_0494.gif,98840
map_0494.gif,98841
map_0570.gif,98843
map_0494.gif,98844
map_0570.gif,98845
map_0494.gif,98846
map_0570.gif,98847
map_0570.gif,98848
map_0494.gif,98849
map_0570.gif,98850
map_0494.gif,98851
map_0570.gif,98852
map_0494.gif,98853
map_0494.gif,98855
map_0494.gif,98856
map_0570.gif,98857
map_0570.gif,98858
map_0494.gif,98859
map_0494.gif,98860
map_0494.gif,98862
map_0572.gif,98901
map_0572.gif,98902
map_0572.gif,98903
map_0572.gif,98908
map_0572.gif,98921
map_0573.gif,98922
map_0572.gif,98923
map_0573.gif,98925
map_0573.gif,98926
map_0572.gif,98930
map_0572.gif,98932
map_0572.gif,98933
map_0573.gif,98934
map_0575.gif,98935
map_0572.gif,98936
map_0572.gif,98937
map_0572.gif,98938
map_0572.gif,98939
map_0573.gif,98940
map_0573.gif,98941
map_0572.gif,98942
map_0573.gif,98943
map_0572.gif,98944
map_0573.gif,98946
map_0572.gif,98947
map_0572.gif,98948
map_0570.gif,98950
map_0572.gif,98951
map_0572.gif,98952
map_0572.gif,98953
map_0498.gif,99001
map_0498.gif,99003
map_0498.gif,99004
map_0498.gif,99005
map_0498.gif,99006
map_0498.gif,99008
map_0498.gif,99009
map_0498.gif,99011
map_0498.gif,99012
map_0494.gif,99013
map_0498.gif,99016
map_0498.gif,99017
map_0498.gif,99018
map_0498.gif,99019
map_0498.gif,99020
map_0498.gif,99021
map_0498.gif,99022
map_0498.gif,99023
map_0498.gif,99025
map_0498.gif,99026
map_0498.gif,99027
map_0498.gif,99029
map_0498.gif,99030
map_0498.gif,99031
map_0498.gif,99032
map_0498.gif,99033
map_0498.gif,99034
map_0498.gif,99036
map_0498.gif,99037
map_0498.gif,99039
map_0494.gif,99040
map_0494.gif,99101
map_0494.gif,99102
map_0494.gif,99103
map_0575.gif,99105
map_0494.gif,99109
map_0494.gif,99110
map_0494.gif,99111
map_0494.gif,99113
map_0494.gif,99114
map_0494.gif,99115
map_0494.gif,99116
map_0494.gif,99117
map_0494.gif,99118
map_0494.gif,99119
map_0494.gif,99121
map_0498.gif,99122
map_0494.gif,99123
map_0494.gif,99124
map_0494.gif,99125
map_0494.gif,99126
map_0498.gif,99128
map_0494.gif,99129
map_0498.gif,99130
map_0494.gif,99131
map_0494.gif,99133
map_0498.gif,99134
map_0494.gif,99135
map_0494.gif,99136
map_0494.gif,99137
map_0494.gif,99138
map_0494.gif,99139
map_0494.gif,99140
map_0494.gif,99141
map_0494.gif,99143
map_0494.gif,99144
map_0494.gif,99146
map_0494.gif,99147
map_0494.gif,99148
map_0498.gif,99149
map_0494.gif,99150
map_0494.gif,99151
map_0494.gif,99152
map_0494.gif,99153
map_0498.gif,99154
map_0494.gif,99155
map_0494.gif,99156
map_0494.gif,99157
map_0498.gif,99158
map_0494.gif,99159
map_0494.gif,99160
map_0494.gif,99161
map_0494.gif,99163
map_0494.gif,99164
map_0494.gif,99166
map_0494.gif,99167
map_0570.gif,99169
map_0498.gif,99170
map_0494.gif,99171
map_0494.gif,99173
map_0494.gif,99174
map_0498.gif,99176
map_0494.gif,99179
map_0494.gif,99180
map_0494.gif,99181
map_0494.gif,99185
map_0498.gif,99201
map_0498.gif,99202
map_0498.gif,99203
map_0498.gif,99204
map_0498.gif,99205
map_0498.gif,99206
map_0498.gif,99207
map_0498.gif,99208
map_0498.gif,99212
map_0498.gif,99216
map_0498.gif,99217
map_0498.gif,99218
map_0498.gif,99223
map_0498.gif,99224
map_0575.gif,99301
map_0575.gif,99320
map_0570.gif,99321
map_0575.gif,99322
map_0575.gif,99323
map_0575.gif,99324
map_0575.gif,99326
map_0575.gif,99328
map_0575.gif,99329
map_0575.gif,99330
map_0494.gif,99333
map_0575.gif,99335
map_0575.gif,99336
map_0575.gif,99337
map_0575.gif,99338
map_0570.gif,99341
map_0575.gif,99343
map_0570.gif,99344
map_0561.gif,99345
map_0561.gif,99346
map_0494.gif,99347
map_0575.gif,99348
map_0570.gif,99349
map_0575.gif,99350
map_0575.gif,99352
map_0575.gif,99353
map_0575.gif,99354
map_0549.gif,99356
map_0570.gif,99357
map_0575.gif,99359
map_0575.gif,99360
map_0575.gif,99361
map_0575.gif,99362
map_0575.gif,99363
map_0575.gif,99371
map_0494.gif,99401
map_0494.gif,99402
map_0494.gif,99403
map_0577.gif,99501
map_0577.gif,99502
map_0577.gif,99503
map_0577.gif,99504
map_0577.gif,99505
map_0577.gif,99506
map_0577.gif,99507
map_0577.gif,99508
map_0577.gif,99510
map_0577.gif,99513
map_0577.gif,99515
map_0577.gif,99516
map_0577.gif,99517
map_0577.gif,99518
map_0577.gif,99519
map_0577.gif,99540
map_0581.gif,99556
map_0577.gif,99567
map_0581.gif,99568
map_0581.gif,99572
map_0577.gif,99577
map_0577.gif,99587
map_0581.gif,99603
map_0581.gif,99605
map_0581.gif,99610
map_0581.gif,99611
map_0581.gif,99631
map_0581.gif,99639
map_0577.gif,99645
map_0577.gif,99654
map_0581.gif,99664
map_0581.gif,99669
map_0581.gif,99672
map_0580.gif,99701
map_0580.gif,99702
map_0580.gif,99703
map_0580.gif,99705
map_0580.gif,99706
map_0580.gif,99709
map_0580.gif,99712
map_0580.gif,99775